瘤痢,瘤痢疙,老矫,SPI3,SPI6
90,加檬,2023-01-01,0,0
90,加檬,2023-01-02,1.32,1.25
90,加檬,2023-01-03,1.27,1.29
90,加檬,2023-01-04,.9,1.37
90,加檬,2023-01-05,.53,1.42
90,加檬,2023-01-06,.05,1.46
90,加檬,2023-01-07,-.28,1.47
90,加檬,2023-01-08,-.27,1.48
90,加檬,2023-01-09,-.24,1.49
90,加檬,2023-01-10,-.21,1.54
90,加檬,2023-01-11,-.18,1.5
90,加檬,2023-01-12,-.14,1.53
90,加檬,2023-01-13,.01,1.48
90,加檬,2023-01-14,.27,1.56
90,加檬,2023-01-15,.67,1.68
90,加檬,2023-01-16,.69,1.7
90,加檬,2023-01-17,.68,1.71
90,加檬,2023-01-18,.7,1.75
90,加檬,2023-01-19,.71,1.78
90,加檬,2023-01-20,.71,1.8
90,加檬,2023-01-21,.7,1.51
90,加檬,2023-01-22,.71,1.48
90,加檬,2023-01-23,.54,1.47
90,加檬,2023-01-24,.21,1.52
90,加檬,2023-01-25,.21,1.54
90,加檬,2023-01-26,.22,1.6
90,加檬,2023-01-27,-.1,1.62
90,加檬,2023-01-28,-.16,1.63
90,加檬,2023-01-29,-.16,1.65
90,加檬,2023-01-30,-.15,1.65
90,加檬,2023-01-31,-.14,1.62
90,加檬,2023-02-01,-.1,1.64
90,加檬,2023-02-02,-.05,1.62
90,加檬,2023-02-03,-.04,1.66
90,加檬,2023-02-04,-.04,1.61
90,加檬,2023-02-05,-.05,1.66
90,加檬,2023-02-06,-.02,1.74
90,加檬,2023-02-07,.01,1.82
90,加檬,2023-02-08,.05,1.75
90,加檬,2023-02-09,.08,1.32
90,加檬,2023-02-10,.12,1.21
90,加檬,2023-02-11,.14,1.21
90,加檬,2023-02-12,.1,1.23
90,加檬,2023-02-13,.29,1.35
90,加檬,2023-02-14,.32,1.29
90,加檬,2023-02-15,.37,1.36
90,加檬,2023-02-16,.36,1.27
90,加檬,2023-02-17,.35,1.14
90,加檬,2023-02-18,.35,1.15
90,加檬,2023-02-19,.37,1.19
90,加檬,2023-02-20,.36,1.26
90,加檬,2023-02-21,.36,1.31
90,加檬,2023-02-22,.33,1.32
90,加檬,2023-02-23,.24,1.34
90,加檬,2023-02-24,.24,1.37
90,加檬,2023-02-25,.34,1.44
90,加檬,2023-02-26,.35,1.41
90,加檬,2023-02-27,.36,1.43
90,加檬,2023-02-28,.27,1.46
90,加檬,2023-03-01,.23,1.58
90,加檬,2023-03-02,.23,1.62
90,加檬,2023-03-03,.22,1.6
90,加檬,2023-03-04,.2,1.58
90,加檬,2023-03-05,.17,1.16
90,加檬,2023-03-06,.16,.81
90,加檬,2023-03-07,.17,.83
90,加檬,2023-03-08,.18,.83
90,加檬,2023-03-09,.19,.87
90,加檬,2023-03-10,.19,.93
90,加檬,2023-03-11,.19,.99
90,加檬,2023-03-12,.27,1.05
90,加檬,2023-03-13,.25,1.09
90,加檬,2023-03-14,.25,1.09
90,加檬,2023-03-15,.24,1.12
90,加檬,2023-03-16,.23,1.13
90,加檬,2023-03-17,.23,1.19
90,加檬,2023-03-18,.22,1.22
90,加檬,2023-03-19,.22,1.06
90,加檬,2023-03-20,.2,1.1
90,加檬,2023-03-21,.2,1.12
90,加檬,2023-03-22,.2,1.12
90,加檬,2023-03-23,.17,1.11
90,加檬,2023-03-24,.16,1.15
90,加檬,2023-03-25,.18,1.19
90,加檬,2023-03-26,.17,1.22
90,加檬,2023-03-27,.16,1.24
90,加檬,2023-03-28,.15,1.23
90,加檬,2023-03-29,.14,1.24
90,加檬,2023-03-30,.13,1.24
90,加檬,2023-03-31,.12,1.23
90,加檬,2023-04-01,.1,1.24
90,加檬,2023-04-02,.1,1.22
90,加檬,2023-04-03,.06,1.17
90,加檬,2023-04-04,.05,.76
90,加檬,2023-04-05,.42,.56
90,加檬,2023-04-06,.37,.11
90,加檬,2023-04-07,.35,-.17
90,加檬,2023-04-08,.37,-.15
90,加檬,2023-04-09,.35,-.13
90,加檬,2023-04-10,.32,-.13
90,加檬,2023-04-11,.39,-.07
90,加檬,2023-04-12,.35,-.04
90,加檬,2023-04-13,.13,-.03
90,加檬,2023-04-14,-.32,-.04
90,加檬,2023-04-15,-1.18,-.02
90,加檬,2023-04-16,-1.07,0
90,加檬,2023-04-17,-.97,.01
90,加檬,2023-04-18,-.8,.11
90,加檬,2023-04-19,-.88,.09
90,加檬,2023-04-20,-.88,.08
90,加檬,2023-04-21,-.89,.08
90,加檬,2023-04-22,-.88,.08
90,加檬,2023-04-23,-.89,-.12
90,加檬,2023-04-24,-.8,-.42
90,加檬,2023-04-25,-.78,-.42
90,加檬,2023-04-26,-.87,-.44
90,加檬,2023-04-27,-.9,-.76
90,加檬,2023-04-28,-.92,-.83
90,加檬,2023-04-29,-.89,-.83
90,加檬,2023-04-30,-.9,-.83
90,加檬,2023-05-01,-.98,-.8
90,加檬,2023-05-02,-.99,-.75
90,加檬,2023-05-03,-1.01,-.75
90,加檬,2023-05-04,-1.01,-.75
90,加檬,2023-05-05,-.83,-.66
90,加檬,2023-05-06,-.11,-.24
90,加檬,2023-05-07,-.18,-.23
90,加檬,2023-05-08,-.2,-.22
90,加檬,2023-05-09,-.21,-.21
90,加檬,2023-05-11,-.26,-.19
90,加檬,2023-05-12,-.29,-.25
90,加檬,2023-05-13,-.76,-.4
90,加檬,2023-05-14,-.81,-.39
90,加檬,2023-05-15,-.87,-.36
90,加檬,2023-05-16,-.88,-.36
90,加檬,2023-05-17,-.86,-.37
90,加檬,2023-05-18,-.82,-.36
90,加檬,2023-05-19,-.87,-.37
90,加檬,2023-05-20,-.87,-.37
90,加檬,2023-05-21,-.86,-.38
90,加檬,2023-05-22,-.89,-.41
90,加檬,2023-05-23,-.87,-.47
90,加檬,2023-05-24,-.81,-.49
90,加檬,2023-05-25,-.96,-.49
90,加檬,2023-05-26,-1,-.51
90,加檬,2023-05-27,-.9,-.43
90,加檬,2023-05-28,-.72,-.41
90,加檬,2023-05-29,-.68,-.37
90,加檬,2023-05-30,-.68,-.36
90,加檬,2023-05-31,-.7,-.38
90,加檬,2023-06-01,-.69,-.39
90,加檬,2023-06-02,-.69,-.4
90,加檬,2023-06-03,-.7,-.42
90,加檬,2023-06-04,-.7,-.43
90,加檬,2023-06-05,-.71,-.45
90,加檬,2023-06-06,-.71,-.46
90,加檬,2023-06-07,-.73,-.48
90,加檬,2023-06-08,-.77,-.49
90,加檬,2023-06-09,-.6,-.38
90,加檬,2023-06-10,-.3,-.19
90,加檬,2023-06-11,-.24,-.14
90,加檬,2023-06-12,-.33,-.15
90,加檬,2023-06-13,-.15,-.04
90,加檬,2023-06-14,-.15,-.05
90,加檬,2023-06-15,-.16,-.06
90,加檬,2023-06-16,-.17,-.07
90,加檬,2023-06-17,-.18,-.08
90,加檬,2023-06-18,-.24,-.12
90,加檬,2023-06-19,-.27,-.14
90,加檬,2023-06-20,-.3,-.18
90,加檬,2023-06-21,.09,.1
90,加檬,2023-06-22,.12,.12
90,加檬,2023-06-23,.09,.08
90,加檬,2023-06-24,.05,.04
90,加檬,2023-06-25,-.01,0
90,加檬,2023-06-26,.2,.17
90,加檬,2023-06-27,.3,.25
90,加檬,2023-06-28,.29,.24
90,加檬,2023-06-29,.59,.47
90,加檬,2023-06-30,.62,.48
90,加檬,2023-07-01,.54,.42
90,加檬,2023-07-02,.46,.36
90,加檬,2023-07-03,.42,.31
90,加檬,2023-07-04,.44,.33
90,加檬,2023-07-05,.33,.41
90,加檬,2023-07-06,.31,.37
90,加檬,2023-07-07,.27,.32
90,加檬,2023-07-08,.25,.31
90,加檬,2023-07-09,.39,.44
90,加檬,2023-07-10,.4,.43
90,加檬,2023-07-11,.32,.38
90,加檬,2023-07-12,.25,.3
90,加檬,2023-07-13,.28,.24
90,加檬,2023-07-14,.29,.07
90,加檬,2023-07-15,.23,-.28
90,加檬,2023-07-16,.16,-.33
90,加檬,2023-07-17,.14,-.33
90,加檬,2023-07-18,.04,-.35
90,加檬,2023-07-19,.01,-.4
90,加檬,2023-07-20,0,-.42
90,加檬,2023-07-21,-.01,-.44
90,加檬,2023-07-22,-.05,-.47
90,加檬,2023-07-23,-.05,-.48
90,加檬,2023-07-24,-.05,-.46
90,加檬,2023-07-25,-.12,-.54
90,加檬,2023-07-26,-.13,-.56
90,加檬,2023-07-27,-.18,-.6
90,加檬,2023-07-28,-.21,-.62
90,加檬,2023-07-29,-.23,-.63
90,加檬,2023-07-30,-.23,-.66
90,加檬,2023-07-31,-.27,-.7
90,加檬,2023-08-01,-.29,-.75
90,加檬,2023-08-02,-.33,-.78
90,加檬,2023-08-03,-.37,-.81
90,加檬,2023-08-04,-.39,-.81
90,加檬,2023-08-05,-.48,-.82
90,加檬,2023-08-06,-.45,-.52
90,加檬,2023-08-07,-.06,-.19
90,加檬,2023-08-08,-.09,-.22
90,加檬,2023-08-09,.06,-.07
90,加檬,2023-08-10,1.72,1.46
90,加檬,2023-08-11,1.7,1.45
90,加檬,2023-08-12,1.69,1.42
90,加檬,2023-08-13,1.71,1.31
90,加檬,2023-08-14,1.67,1.28
90,加檬,2023-08-15,1.6,1.22
90,加檬,2023-08-16,1.57,1.2
90,加檬,2023-08-17,1.55,1.18
90,加檬,2023-08-18,1.5,1.14
90,加檬,2023-08-19,1.46,1.06
90,加檬,2023-08-20,1.46,1.07
90,加檬,2023-08-21,1.44,1.05
90,加檬,2023-08-22,1.4,1.03
90,加檬,2023-08-23,1.6,1.24
90,加檬,2023-08-24,1.64,1.29
90,加檬,2023-08-25,1.65,1.27
90,加檬,2023-08-26,1.63,1.25
90,加檬,2023-08-27,1.54,1.2
90,加檬,2023-08-28,1.5,1.24
90,加檬,2023-08-29,1.47,1.22
90,加檬,2023-08-30,1.53,1.28
90,加檬,2023-08-31,1.48,1.22
90,加檬,2023-09-01,1.33,1.1
90,加檬,2023-09-02,1.26,.97
90,加檬,2023-09-03,1.24,.94
90,加檬,2023-09-04,1.23,.94
90,加檬,2023-09-05,1.2,.91
90,加檬,2023-09-06,1.19,.9
90,加檬,2023-09-07,1.14,.84
90,加檬,2023-09-08,1.15,.84
90,加檬,2023-09-09,1.1,.83
90,加檬,2023-09-10,1,.81
90,加檬,2023-09-11,.93,.76
90,加檬,2023-09-12,.9,.71
90,加檬,2023-09-13,1.09,.95
90,加檬,2023-09-14,1.11,.96
90,加檬,2023-09-15,1.09,.94
90,加檬,2023-09-16,1.09,.92
90,加檬,2023-09-17,1.17,1
90,加檬,2023-09-18,1.15,.97
90,加檬,2023-09-19,1.14,.96
90,加檬,2023-09-20,1.32,1.12
90,加檬,2023-09-21,1.19,1.1
90,加檬,2023-09-22,1.18,1.09
90,加檬,2023-09-23,1.21,1.1
90,加檬,2023-09-24,1.2,1.08
90,加檬,2023-09-25,1.24,1.09
90,加檬,2023-09-26,1.23,1.16
90,加檬,2023-09-27,1.24,1.19
90,加檬,2023-09-28,1.24,1.19
90,加檬,2023-09-29,1.12,1.19
90,加檬,2023-09-30,1.11,1.19
90,加檬,2023-10-01,1.13,1.19
90,加檬,2023-10-02,1.18,1.19
90,加檬,2023-10-03,1.19,1.17
90,加檬,2023-10-04,1.2,1.16
90,加檬,2023-10-05,1.14,1.06
90,加檬,2023-10-06,1.14,1.05
90,加檬,2023-10-07,1.16,1.05
90,加檬,2023-10-08,1.22,1.1
90,加檬,2023-10-09,1.11,1.1
90,加檬,2023-10-10,1.13,1.12
90,加檬,2023-10-11,1.18,1.1
90,加檬,2023-10-12,1.2,1.11
90,加檬,2023-10-13,1.17,1.1
90,加檬,2023-10-14,1.14,1.1
90,加檬,2023-10-15,1.16,1.1
90,加檬,2023-10-16,1.18,1.09
90,加檬,2023-10-17,1.19,1.08
90,加檬,2023-10-18,1.19,1.04
90,加檬,2023-10-19,1.22,1.05
90,加檬,2023-10-20,1.24,1.05
90,加檬,2023-10-21,1.25,1.05
90,加檬,2023-10-22,1.28,1.05
90,加檬,2023-10-24,1.3,1.01
90,加檬,2023-10-25,1.31,1.02
90,加檬,2023-10-26,1.34,1.02
90,加檬,2023-10-27,1.38,1.05
90,加檬,2023-10-28,1.38,1.05
90,加檬,2023-10-29,1.38,1.04
90,加檬,2023-10-30,1.39,1.04
90,加檬,2023-10-31,1.43,1.03
90,加檬,2023-11-01,1.46,1.02
90,加檬,2023-11-02,1.46,1.01
90,加檬,2023-11-03,1.59,1.1
90,加檬,2023-11-04,0,0
90,加檬,2023-11-05,1.72,1.14
90,加檬,2023-11-06,1.63,1.02
90,加檬,2023-11-07,1.44,1.04
90,加檬,2023-11-08,1.45,1.03
90,加檬,2023-11-09,1.37,1.04
90,加檬,2023-11-10,-.38,1.04
90,加檬,2023-11-11,-.39,1.04
90,加檬,2023-11-12,-.38,1.05
90,加檬,2023-11-13,-.33,1.06
90,加檬,2023-11-14,-.33,1.06
90,加檬,2023-11-15,-.27,1.04
90,加檬,2023-11-16,-.24,1.04
90,加檬,2023-11-17,-.18,1.05
90,加檬,2023-11-18,-.15,1.06
90,加檬,2023-11-19,-.1,1.08
90,加檬,2023-11-20,-.1,1.08
90,加檬,2023-11-21,-.04,1.09
90,加檬,2023-11-22,-.02,1.08
90,加檬,2023-11-23,-.33,1.09
90,加檬,2023-11-24,-.45,1.1
90,加檬,2023-11-25,-.45,1.1
90,加檬,2023-11-26,-.37,1.08
90,加檬,2023-11-27,-.27,1.05
90,加檬,2023-11-28,-.32,1
90,加檬,2023-11-29,-.32,.99
90,加檬,2023-11-30,-.38,.99
90,加檬,2023-12-01,-.28,.98
90,加檬,2023-12-02,-.14,1
90,加檬,2023-12-03,-.08,1.01
90,加檬,2023-12-04,-.06,1.01
90,加檬,2023-12-05,-.02,1.02
90,加檬,2023-12-06,0,1.03
90,加檬,2023-12-07,.06,1.04
90,加檬,2023-12-08,.05,1.06
90,加檬,2023-12-09,.08,1.01
90,加檬,2023-12-10,.26,1.01
90,加檬,2023-12-11,.75,1.21
90,加檬,2023-12-12,.84,1.26
90,加檬,2023-12-13,.45,1.21
90,加檬,2023-12-14,.66,1.34
90,加檬,2023-12-15,.88,1.47
90,加檬,2023-12-16,.84,1.49
90,加檬,2023-12-17,.84,1.49
90,加檬,2023-12-18,.88,1.49
90,加檬,2023-12-19,.91,1.49
90,加檬,2023-12-20,.58,1.49
90,加檬,2023-12-21,.6,1.38
90,加檬,2023-12-22,.61,1.37
90,加檬,2023-12-23,.61,1.4
90,加檬,2023-12-24,.64,1.43
90,加檬,2023-12-25,.65,1.46
90,加檬,2023-12-26,.54,1.4
90,加檬,2023-12-27,.49,1.36
90,加檬,2023-12-28,.49,1.37
90,加檬,2023-12-29,.51,1.26
90,加檬,2023-12-30,.53,1.28
90,加檬,2023-12-31,.69,1.37
90,加檬,2024-01-01,.7,1.42
90,加檬,2024-01-02,.7,1.45
90,加檬,2024-01-03,.73,1.48
90,加檬,2024-01-04,.76,1.52
90,加檬,2024-01-05,.83,1.49
90,加檬,2024-01-06,.88,1.53
90,加檬,2024-01-07,.89,1.54
90,加檬,2024-01-08,.77,1.54
90,加檬,2024-01-09,.79,1.45
90,加檬,2024-01-10,.8,1.47
90,加檬,2024-01-11,.81,1.53
90,加檬,2024-01-12,.89,1.57
90,加檬,2024-01-13,.9,1.54
90,加檬,2024-01-14,.89,1.47
90,加檬,2024-01-15,.9,1.49
90,加檬,2024-01-16,.92,1.51
90,加檬,2024-01-17,.91,1.52
90,加檬,2024-01-18,.93,1.56
90,加檬,2024-01-19,.94,1.58
90,加檬,2024-01-20,.99,1.63
90,加檬,2024-01-21,.99,1.67
90,加檬,2024-01-22,1,1.68
90,加檬,2024-01-23,1.07,1.71
90,加檬,2024-01-24,1.07,1.73
90,加檬,2024-01-25,1.08,1.75
90,加檬,2024-01-26,1.08,1.8
90,加檬,2024-01-27,1.06,1.8
90,加檬,2024-01-28,1.08,1.81
90,加檬,2024-01-29,1.09,1.83
90,加檬,2024-01-30,1.08,1.83
90,加檬,2024-01-31,1.08,1.86
90,加檬,2024-02-01,1.15,1.91
90,加檬,2024-02-02,1.19,1.95
90,加檬,2024-02-03,.98,1.99
90,加檬,2024-02-04,.82,1.98
90,加檬,2024-02-05,.91,2.08
90,加檬,2024-02-06,.87,1.97
90,加檬,2024-02-07,.93,1.8
90,加檬,2024-02-08,1,1.82
90,加檬,2024-02-09,1.03,1.75
90,加檬,2024-02-10,1.03,.07
90,加檬,2024-02-11,1.08,.09
90,加檬,2024-02-12,1.1,.11
90,加檬,2024-02-13,1.09,.14
90,加檬,2024-02-14,1.12,.16
90,加檬,2024-02-15,1.43,.41
90,加檬,2024-02-16,1.44,.44
90,加檬,2024-02-17,1.42,.46
90,加檬,2024-02-18,1.42,.49
90,加檬,2024-02-19,1.44,.58
90,加檬,2024-02-20,1.55,.69
90,加檬,2024-02-21,1.71,.86
90,加檬,2024-02-22,1.76,.9
90,加檬,2024-02-23,1.75,.68
90,加檬,2024-02-24,1.77,.6
90,加檬,2024-02-25,1.77,.62
90,加檬,2024-02-26,1.7,.63
90,加檬,2024-02-27,1.81,.68
90,加檬,2024-02-28,1.82,.65
90,加檬,2024-03-02,1.88,.88
90,加檬,2024-03-03,1.84,.89
90,加檬,2024-03-04,1.83,.9
90,加檬,2024-03-05,1.87,.98
90,加檬,2024-03-06,1.87,1.02
90,加檬,2024-03-07,1.91,1.03
90,加檬,2024-03-08,1.96,1.04
90,加檬,2024-03-09,1.95,1.07
90,加檬,2024-03-10,1.84,1.13
90,加檬,2024-03-11,1.36,1.18
90,加檬,2024-03-12,1.27,1.21
90,加檬,2024-03-13,1.26,.92
90,加檬,2024-03-14,.95,.91
90,加檬,2024-03-15,.57,.91
90,加檬,2024-03-16,.56,.87
90,加檬,2024-03-17,.56,.86
90,加檬,2024-03-18,.57,.89
90,加檬,2024-03-19,.7,.97
90,加檬,2024-03-20,.73,.72
90,加檬,2024-03-21,.74,.74
90,加檬,2024-03-22,.79,.76
90,加檬,2024-03-23,.76,.76
90,加檬,2024-03-24,.77,.79
90,加檬,2024-03-25,.88,.87
90,加檬,2024-03-26,1.09,.87
90,加檬,2024-03-27,1.11,.84
90,加檬,2024-03-28,1.11,.84
90,加檬,2024-03-29,1.1,.84
90,加檬,2024-03-30,1.05,.85
90,加檬,2024-03-31,.74,.84
90,加檬,2024-04-01,.73,.85
90,加檬,2024-04-02,.75,.85
90,加檬,2024-04-03,.7,.88
90,加檬,2024-04-04,.69,.9
90,加檬,2024-04-05,.67,.97
90,加檬,2024-04-06,.63,1
90,加檬,2024-04-07,.65,1
90,加檬,2024-04-08,.67,.89
90,加檬,2024-04-09,.66,.9
90,加檬,2024-04-10,.63,.88
90,加檬,2024-04-11,.64,.9
90,加檬,2024-04-12,.59,.95
90,加檬,2024-04-13,.57,.95
90,加檬,2024-04-14,.58,.95
90,加檬,2024-04-15,.65,.98
90,加檬,2024-04-16,.65,1
90,加檬,2024-04-17,.65,1
90,加檬,2024-04-18,.63,1
90,加檬,2024-04-20,.85,1.21
90,加檬,2024-04-21,1.01,1.29
90,加檬,2024-04-22,1.01,1.29
90,加檬,2024-04-23,.98,1.34
90,加檬,2024-04-24,.98,1.33
90,加檬,2024-04-25,.94,1.32
90,加檬,2024-04-26,.93,1.3
90,加檬,2024-04-27,.9,1.25
90,加檬,2024-04-28,.9,1.28
90,加檬,2024-04-29,.89,1.3
90,加檬,2024-04-30,.92,1.33
90,加檬,2024-05-01,.89,1.36
90,加檬,2024-05-02,.86,1.36
90,加檬,2024-05-03,.86,1.19
90,加檬,2024-05-04,.9,1.08
90,加檬,2024-05-05,.8,1.11
90,加檬,2024-05-06,.73,1.06
90,加檬,2024-05-07,.89,1.18
90,加檬,2024-05-08,.88,1.24
90,加檬,2024-05-09,.87,1.27
90,加檬,2024-05-10,.89,1.29
90,加檬,2024-05-11,.88,1.32
90,加檬,2024-05-12,.86,1.33
90,加檬,2024-05-13,.79,1.27
90,加檬,2024-05-14,.79,1.29
90,加檬,2024-05-15,.6,1.41
90,加檬,2024-05-16,.76,1.48
90,加檬,2024-05-17,.75,1.46
90,加檬,2024-05-18,.72,1.44
90,加檬,2024-05-19,.55,1.39
90,加檬,2024-05-20,.36,1.39
90,加檬,2024-05-21,.03,1.38
90,加檬,2024-05-22,-.08,1.4
90,加檬,2024-05-23,-.11,1.35
90,加檬,2024-05-24,-.14,1.27
90,加檬,2024-05-25,-.18,1.27
90,加檬,2024-05-26,-.2,1.27
90,加檬,2024-05-27,-.21,1.28
90,加檬,2024-05-28,-.18,1.28
90,加檬,2024-05-29,-.17,1.3
90,加檬,2024-05-30,-.18,1.3
90,加檬,2024-05-31,-.2,1.29
90,加檬,2024-06-01,-.17,1.31
90,加檬,2024-06-02,-.18,1.26
90,加檬,2024-06-03,-.19,1.24
90,加檬,2024-06-04,-.19,1.24
90,加檬,2024-06-05,-.28,1.23
90,加檬,2024-06-06,-.32,1.23
90,加檬,2024-06-07,-.37,1.23
90,加檬,2024-06-08,-.4,1.22
90,加檬,2024-06-09,-.38,1.22
90,加檬,2024-06-10,-.37,1.1
90,加檬,2024-06-11,-.37,.68
90,加檬,2024-06-12,-.42,.58
90,加檬,2024-06-13,-.43,.56
90,加檬,2024-06-14,-.3,.37
90,加檬,2024-06-15,-.19,.14
90,加檬,2024-06-16,-.2,.13
90,加檬,2024-06-17,-.21,.12
90,加檬,2024-06-18,-.27,.08
90,加檬,2024-06-19,-.43,.07
90,加檬,2024-06-20,-.5,.02
90,加檬,2024-06-21,-.52,.01
90,加檬,2024-06-22,-.48,.07
90,加檬,2024-06-23,-.3,.17
90,加檬,2024-06-24,-.34,.14
90,加檬,2024-06-25,-.51,.1
90,加檬,2024-06-26,-.88,0
90,加檬,2024-06-27,-.9,-.03
90,加檬,2024-06-28,-.92,-.04
90,加檬,2024-06-29,-.71,.07
90,加檬,2024-06-30,-.07,.27
90,加檬,2024-07-01,-.14,.21
90,加檬,2024-07-02,.18,.45
90,加檬,2024-07-03,.14,.4
90,加檬,2024-07-04,.07,.33
90,加檬,2024-07-05,.04,.29
90,加檬,2024-07-06,.03,.25
90,加檬,2024-07-07,0,.23
90,加檬,2024-07-08,-.01,.23
90,加檬,2024-07-09,-.06,.18
90,加檬,2024-07-10,-.06,.15
90,加檬,2024-07-11,-.12,.09
90,加檬,2024-07-12,-.17,.03
90,加檬,2024-07-13,-.19,0
90,加檬,2024-07-14,-.25,-.04
90,加檬,2024-07-15,-.36,-.09
90,加檬,2024-07-16,-.41,-.13
90,加檬,2024-07-17,-.2,.05
90,加檬,2024-07-18,-.17,.05
90,加檬,2024-07-19,-.21,.01
90,加檬,2024-07-20,-.48,-.05
90,加檬,2024-07-21,-.65,-.08
90,加檬,2024-07-22,-.68,-.11
90,加檬,2024-07-23,-.68,-.12
90,加檬,2024-07-24,-.76,-.16
90,加檬,2024-07-25,-.87,-.22
90,加檬,2024-07-26,-.85,-.25
90,加檬,2024-07-27,-.87,-.3
90,加檬,2024-07-28,-.84,-.28
90,加檬,2024-07-29,-.83,-.29
90,加檬,2024-07-30,-.83,-.31
90,加檬,2024-07-31,-.89,-.34
90,加檬,2024-08-01,-.89,-.4
90,加檬,2024-08-02,-.93,-.45
90,加檬,2024-08-03,-.97,-.47
90,加檬,2024-08-04,-.98,-.48
90,加檬,2024-08-05,-1.01,-.56
90,加檬,2024-08-06,-1.02,-.6
90,加檬,2024-08-07,-1.25,-.66
90,加檬,2024-08-08,-1.28,-.68
90,加檬,2024-08-09,-1.34,-.71
90,加檬,2024-08-10,-1.41,-.79
90,加檬,2024-08-11,-1.42,-.81
90,加檬,2024-08-12,-1.42,-.81
90,加檬,2024-08-13,-1.46,-.86
90,加檬,2024-08-14,-1.46,-.88
90,加檬,2024-08-15,-1.68,-1.16
90,加檬,2024-08-16,-1.81,-1.19
90,加檬,2024-08-17,-1.85,-1.24
90,加檬,2024-08-18,-1.87,-1.26
90,加檬,2024-08-19,-1.89,-1.33
90,加檬,2024-08-20,-1.79,-1.38
90,加檬,2024-08-21,-1.76,-1.54
90,加檬,2024-08-22,-1.75,-1.6
90,加檬,2024-08-23,-1.77,-1.66
90,加檬,2024-08-24,-1.75,-1.7
90,加檬,2024-08-25,-1.82,-1.8
90,加檬,2024-08-26,-1.86,-1.85
90,加檬,2024-08-27,-1.92,-1.93
90,加檬,2024-08-28,-1.94,-1.97
90,加檬,2024-08-29,-1.98,-2.01
90,加檬,2024-08-30,-1.98,-2.02
90,加檬,2024-08-31,-2.07,-2.12
90,加檬,2024-09-01,-2.04,-2.07
90,加檬,2024-09-02,-1.94,-1.91
90,加檬,2024-09-03,-1.97,-1.93
90,加檬,2024-09-04,-1.99,-1.95
90,加檬,2024-09-05,-2.01,-2.01
90,加檬,2024-09-06,-2.04,-2.05
90,加檬,2024-09-07,-1.96,-1.99
90,加檬,2024-09-08,-2.02,-1.98
90,加檬,2024-09-09,-2.06,-2.03
90,加檬,2024-09-10,-2.12,-2.08
90,加檬,2024-09-11,-2.17,-2.1
90,加檬,2024-09-12,-2.13,-2.08
90,加檬,2024-09-13,-2.08,-2.04
90,加檬,2024-09-14,-1.97,-1.95
90,加檬,2024-09-15,-1.8,-1.75
90,加檬,2024-09-16,-1.82,-1.75
90,加檬,2024-09-17,-1.88,-1.81
90,加檬,2024-09-18,-1.41,-1.44
90,加檬,2024-09-19,-1.42,-1.5
90,加檬,2024-09-20,-.72,-.9
90,加檬,2024-09-21,-.32,-.54
90,加檬,2024-09-22,-.12,-.34
90,加檬,2024-09-23,-.19,-.34
90,加檬,2024-09-24,-.2,-.36
90,加檬,2024-09-25,-.2,-.42
90,加檬,2024-09-26,-.14,-.5
90,加檬,2024-09-27,-.1,-.48
90,加檬,2024-09-28,-.1,-.49
90,加檬,2024-09-29,-.18,-.49
90,加檬,2024-09-30,-.46,-.49
90,加檬,2024-10-01,-.42,-.5
90,加檬,2024-10-02,-.61,-.5
90,加檬,2024-10-03,-.59,-.49
90,加檬,2024-10-04,-.58,-.5
90,加檬,2024-10-05,-.59,-.52
90,加檬,2024-10-06,-.59,-.52
90,加檬,2024-10-07,-.56,-.53
90,加檬,2024-10-08,-.4,-.4
90,加檬,2024-10-09,-.36,-.41
90,加檬,2024-10-10,-.37,-.42
90,加檬,2024-10-11,-.35,-.43
90,加檬,2024-10-12,-.33,-.47
90,加檬,2024-10-13,-.31,-.47
90,加檬,2024-10-14,-.25,-.47
90,加檬,2024-10-15,-.21,-.5
90,加檬,2024-10-16,-.18,-.5
90,加檬,2024-10-17,-.32,-.5
90,加檬,2024-10-18,-.11,-.31
90,加檬,2024-10-19,0,-.21
90,加檬,2024-10-20,.01,-.35
90,加檬,2024-10-21,.02,-.42
90,加檬,2024-10-22,.19,-.29
90,加檬,2024-10-23,.18,-.3
90,加檬,2024-10-24,.21,-.3
90,加檬,2024-10-25,.26,-.3
90,加檬,2024-10-26,.27,-.29
90,加檬,2024-10-27,.29,-.29
90,加檬,2024-10-28,.35,-.25
90,加檬,2024-10-29,.35,-.25
90,加檬,2024-10-30,.36,-.25
90,加檬,2024-10-31,.37,-.26
90,加檬,2024-11-01,.39,-.26
90,加檬,2024-11-02,.41,-.28
90,加檬,2024-11-03,.44,-.27
90,加檬,2024-11-04,.45,-.28
90,加檬,2024-11-05,.51,-.26
90,加檬,2024-11-06,.55,-.25
90,加檬,2024-11-07,.58,-.35
90,加檬,2024-11-08,.6,-.37
90,加檬,2024-11-09,.64,-.38
90,加檬,2024-11-10,.69,-.39
90,加檬,2024-11-11,.7,-.41
90,加檬,2024-11-12,.71,-.41
90,加檬,2024-11-13,.74,-.38
90,加檬,2024-11-14,.76,-.38
90,加檬,2024-11-15,.81,-.47
90,加檬,2024-11-16,.84,-.53
90,加檬,2024-11-17,.87,-.53
90,加檬,2024-11-18,.9,-.53
90,加檬,2024-11-19,.95,-.52
90,加檬,2024-11-20,.92,-.52
90,加檬,2024-11-21,.92,-.52
90,加檬,2024-11-22,.91,-.53
90,加檬,2024-11-23,.95,-.51
90,加檬,2024-11-24,.99,-.49
90,加檬,2024-11-25,1.07,-.44
90,加檬,2024-11-26,1.06,-.44
90,加檬,2024-11-27,1.07,-.44
90,加檬,2024-11-28,1.11,-.45
90,加檬,2024-11-29,1.16,-.47
90,加檬,2024-11-30,1.29,-.46
90,加檬,2024-12-01,1.41,-.45
90,加檬,2024-12-02,1.38,-.44
90,加檬,2024-12-03,1.41,-.43
90,加檬,2024-12-04,1.43,-.42
90,加檬,2024-12-05,1.5,-.42
90,加檬,2024-12-06,1.53,-.42
90,加檬,2024-12-07,1.52,-.42
90,加檬,2024-12-08,1.52,-.47
90,加檬,2024-12-09,1.56,-.47
90,加檬,2024-12-10,1.64,-.47
90,加檬,2024-12-11,1.7,-.46
90,加檬,2024-12-12,1.69,-.45
90,加檬,2024-12-13,1.71,-.43
90,加檬,2024-12-14,1.64,-.44
90,加檬,2024-12-15,1.51,-.48
90,加檬,2024-12-16,1.52,-.47
90,加檬,2024-12-17,1.58,-.47
90,加檬,2024-12-18,1.3,-.44
90,加檬,2024-12-19,1.33,-.44
90,加檬,2024-12-20,.66,-.4
90,加檬,2024-12-21,.04,-.39
90,加檬,2024-12-22,-.41,-.43
90,加檬,2024-12-23,-.38,-.5
90,加檬,2024-12-24,-.28,-.48
90,加檬,2024-12-25,-.25,-.46
90,加檬,2024-12-26,-.24,-.42
90,加檬,2024-12-27,-.28,-.39
90,加檬,2024-12-28,-.28,-.39
90,加檬,2024-12-29,-.26,-.46
90,加檬,2024-12-30,-.24,-.74
90,加檬,2024-12-31,-.25,-.75
90,加檬,2025-01-01,-.24,-.71
90,加檬,2025-01-02,-.23,-.9
90,加檬,2025-01-03,-.22,-.87
90,加檬,2025-01-04,-.21,-.85
90,加檬,2025-01-05,-.18,-.83
90,加檬,2025-01-06,-.16,-.82
90,加檬,2025-01-07,-.16,-.79
90,加檬,2025-01-08,-.48,-.79
90,加檬,2025-01-09,-.45,-.74
90,加檬,2025-01-10,-.42,-.74
90,加檬,2025-01-11,-.39,-.71
90,加檬,2025-01-12,-.35,-.65
90,加檬,2025-01-13,-.35,-.62
90,加檬,2025-01-14,-.35,-.54
90,加檬,2025-01-15,-.37,-.5
90,加檬,2025-01-16,-.39,-.47
90,加檬,2025-01-17,-.38,-.61
90,加檬,2025-01-18,-.94,-.63
90,加檬,2025-01-19,-1.28,-.6
90,加檬,2025-01-20,-1.27,-.59
90,加檬,2025-01-21,-1.23,-.59
90,加檬,2025-01-22,-1.96,-.55
90,加檬,2025-01-23,-1.98,-.56
90,加檬,2025-01-24,-1.76,-.48
90,加檬,2025-01-25,-1.62,-.4
90,加檬,2025-01-26,-1.6,-.39
90,加檬,2025-01-27,-1.58,-.33
90,加檬,2025-01-28,-1.82,-.31
90,加檬,2025-01-29,-1.82,-.3
90,加檬,2025-01-30,-1.78,-.3
90,加檬,2025-01-31,-1.78,-.29
90,加檬,2025-02-01,-1.75,-.26
90,加檬,2025-02-02,-1.69,-.21
90,加檬,2025-02-03,-1.66,-.18
90,加檬,2025-02-04,-1.63,-.16
90,加檬,2025-02-05,-1.94,-.16
90,加檬,2025-02-06,-1.91,-.13
90,加檬,2025-02-07,-1.92,-.08
90,加檬,2025-02-08,-1.92,-.05
90,加檬,2025-02-09,-1.92,0
90,加檬,2025-02-10,-1.89,.08
90,加檬,2025-02-11,-1.92,.1
90,加檬,2025-02-12,-1.93,.11
90,加檬,2025-02-13,-1.91,.15
90,加檬,2025-02-14,-1.93,.17
90,加檬,2025-02-15,-1.96,.23
90,加檬,2025-02-16,-2,.25
90,加檬,2025-02-17,-1.99,.29
90,加檬,2025-02-18,-2,.32
90,加檬,2025-02-19,-1.84,.37
90,加檬,2025-02-20,-1.84,.3
90,加檬,2025-02-21,-1.85,.28
90,加檬,2025-02-22,-1.8,.29
90,加檬,2025-02-23,-1.81,.33
90,加檬,2025-02-24,-1.83,.38
90,加檬,2025-02-25,-1.79,.43
90,加檬,2025-02-26,-1.89,.45
90,加檬,2025-02-27,-2.03,.5
90,加檬,2025-02-28,-1.99,.68
90,加檬,2025-03-01,-2.22,.77
90,加檬,2025-03-02,-1.58,.81
90,加檬,2025-03-03,-1.29,.87
90,加檬,2025-03-04,-1.18,.91
90,加檬,2025-03-05,-1.09,.97
90,加檬,2025-03-06,-1.1,.98
90,加檬,2025-03-07,-1.12,.99
90,加檬,2025-03-08,-1.14,.99
90,加檬,2025-03-09,-1.16,1.02
90,加檬,2025-03-10,-1.18,1.07
90,加檬,2025-03-11,-1.24,1.12
90,加檬,2025-03-12,-1.24,1.13
90,加檬,2025-03-13,-1.26,1.13
90,加檬,2025-03-14,-1.29,1.07
90,加檬,2025-03-15,-1.28,.93
90,加檬,2025-03-16,-.99,1
90,加檬,2025-03-17,-.73,1.12
90,加檬,2025-03-18,-.65,.86
90,加檬,2025-03-19,-.69,.88
90,加檬,2025-03-20,-.71,.22
90,加檬,2025-03-21,-.71,-.33
90,加檬,2025-03-22,-.71,-.72
90,加檬,2025-03-23,-.74,-.73
90,加檬,2025-03-24,-.76,-.69
90,加檬,2025-03-25,-.77,-.69
90,加檬,2025-03-26,-.81,-.7
90,加檬,2025-03-27,-.74,-.72
90,加檬,2025-03-28,-.44,-.58
90,加檬,2025-03-29,-.44,-.56
90,加檬,2025-03-30,-.43,-.55
90,加檬,2025-03-31,-.45,-.56
90,加檬,2025-04-01,-.48,-.55
90,加檬,2025-04-02,-.49,-.55
90,加檬,2025-04-03,-.53,-.59
90,加檬,2025-04-04,-.54,-.59
90,加檬,2025-04-05,-.48,-.54
90,加檬,2025-04-06,-.53,-.55
90,加檬,2025-04-07,-.51,-.54
90,加檬,2025-04-08,-.5,-.8
90,加檬,2025-04-09,-.52,-.77
90,加檬,2025-04-10,-.57,-.76
90,加檬,2025-04-11,-.59,-.74
90,加檬,2025-04-12,-.54,-.7
90,加檬,2025-04-13,-.49,-.67
90,加檬,2025-04-14,-.48,-.67
90,加檬,2025-04-15,-.47,-.67
90,加檬,2025-04-16,-.43,-.67
90,加檬,2025-04-17,-.38,-.66
90,加檬,2025-04-18,-.42,-1.09
90,加檬,2025-04-19,-.29,-1.24
90,加檬,2025-04-20,-.31,-1.26
90,加檬,2025-04-21,-.32,-1.23
90,加檬,2025-04-22,.03,-1.33
90,加檬,2025-04-23,.01,-1.32
90,加檬,2025-04-24,-.09,-1.31
90,加檬,2025-04-25,-.18,-1.31
90,加檬,2025-04-26,-.25,-1.34
90,加檬,2025-04-27,-.3,-1.34
90,加檬,2025-04-28,-.3,-1.46
90,加檬,2025-04-29,-.32,-1.5
90,加檬,2025-04-30,-.32,-1.51
90,加檬,2025-05-01,-.37,-1.49
90,加檬,2025-05-02,-.39,-1.42
90,加檬,2025-05-03,-.39,-1.42
90,加檬,2025-05-04,-.38,-1.42
90,加檬,2025-05-05,-.37,-1.56
90,加檬,2025-05-06,-.44,-1.63
90,加檬,2025-05-07,-.51,-1.6
90,加檬,2025-05-22,.22,-.88
90,加檬,2025-05-23,.23,-.85
90,加檬,2025-05-24,.2,-.84
90,加檬,2025-05-25,.19,-.85
90,加檬,2025-05-26,.18,-.92
90,加檬,2025-06-03,-.05,-.83
90,加檬,2025-06-04,-.11,-.84
90,加檬,2025-06-05,-.19,-.86
90,加檬,2025-06-06,-.2,-.88
90,加檬,2025-06-07,-.22,-.91
90,加檬,2025-06-08,-.26,-.92
90,加檬,2025-06-09,-.24,-.92
90,加檬,2025-06-10,-.23,-.93
90,加檬,2025-06-11,-.23,-.95
90,加檬,2025-06-12,-.27,-1
90,加檬,2025-06-13,-.29,-1.01
90,加檬,2025-06-14,-.29,-1.02
90,加檬,2025-06-15,-.27,-.99
90,加檬,2025-06-16,-.31,-.9
90,加檬,2025-06-17,-.5,-.91
90,加檬,2025-06-18,-.68,-.94
90,加檬,2025-06-19,-.73,-1
90,加檬,2025-06-20,-.72,-1.03
90,加檬,2025-06-21,-.74,-1.05
90,加檬,2025-06-22,-.74,-1.07
90,加檬,2025-06-23,-.77,-1.13
90,加檬,2025-06-24,-.8,-1.15
90,加檬,2025-06-25,-.79,-1.11
90,加檬,2025-06-26,-.93,-1.25
90,加檬,2025-06-27,-1.01,-1.26
90,加檬,2025-06-28,-1.24,-1.28
90,加檬,2025-06-29,-1.28,-1.29
90,加檬,2025-06-30,-1.33,-1.31
90,加檬,2025-07-01,-1.4,-1.4
90,加檬,2025-07-02,-1.48,-1.47
90,加檬,2025-07-03,-1.51,-1.52
90,加檬,2025-07-04,-1.51,-1.6
90,加檬,2025-07-05,-1.62,-1.65
90,加檬,2025-07-06,-1.61,-1.69
90,加檬,2025-07-07,-1.63,-1.71
90,加檬,2025-07-08,-1.69,-1.78
90,加檬,2025-07-09,-1.74,-1.81
90,加檬,2025-07-10,-1.74,-1.85
90,加檬,2025-07-11,-1.81,-1.91
90,加檬,2025-07-12,-1.8,-1.88
90,加檬,2025-07-13,-1.82,-1.89
90,加檬,2025-07-14,-1.1,-1.28
90,加檬,2025-07-15,-.98,-1.19
90,加檬,2025-07-16,-.9,-1.11
90,加檬,2025-07-17,-.78,-.97
90,加檬,2025-07-18,-.78,-.98
90,加檬,2025-07-19,-.84,-.96
90,加檬,2025-07-20,-.82,-.93
90,加檬,2025-07-21,-.84,-.95
90,加檬,2025-07-22,-1.09,-.97
90,加檬,2025-07-23,-1.12,-1.01
90,加檬,2025-07-24,-1.15,-1.1
90,加檬,2025-07-25,-1.26,-1.23
90,加檬,2025-07-26,-1.26,-1.25
90,加檬,2025-07-27,-1.27,-1.28
90,加檬,2025-07-28,-1.29,-1.3
90,加檬,2025-07-29,-1.28,-1.31
90,加檬,2025-07-30,-1.29,-1.35
90,加檬,2025-07-31,-1.34,-1.41
90,加檬,2025-08-01,-1.34,-1.46
90,加檬,2025-08-02,-1.37,-1.48
90,加檬,2025-08-03,-1.42,-1.49
90,加檬,2025-08-04,-1.32,-1.41
90,加檬,2025-08-05,-1.34,-1.41
90,加檬,2025-08-06,-1.01,-1.14
90,加檬,2025-08-07,-1.05,-1.2
90,加檬,2025-08-08,-1.07,-1.22
90,加檬,2025-08-09,-1.51,-1.24
90,加檬,2025-08-10,-1.72,-1.31
90,加檬,2025-08-11,-1.73,-1.33
90,加檬,2025-08-12,-1.73,-1.33
90,加檬,2025-08-13,-1.63,-1.28
90,加檬,2025-08-14,-1.58,-1.26
90,加檬,2025-08-15,-1.63,-1.3
90,加檬,2025-08-16,-1.63,-1.32
90,加檬,2025-08-17,-1.68,-1.38
90,加檬,2025-08-18,-1.69,-1.39
90,加檬,2025-08-19,-1.71,-1.39
90,加檬,2025-08-20,-1.8,-1.48
90,加檬,2025-08-21,-1.89,-1.55
90,加檬,2025-08-22,-1.89,-1.56
90,加檬,2025-08-23,-1.92,-1.6
90,加檬,2025-08-24,-1.91,-1.63
90,加檬,2025-08-25,-1.98,-1.71
90,加檬,2025-08-26,-1.87,-1.64
90,加檬,2025-08-27,-1.92,-1.71
90,加檬,2025-08-28,-1.94,-1.75
90,加檬,2025-08-29,-1.99,-1.79
90,加檬,2025-08-30,-1.99,-1.81
90,加檬,2025-08-31,-2.07,-1.89
90,加檬,2025-09-01,-1.93,-1.78
90,加檬,2025-09-02,-2,-1.86
90,加檬,2025-09-03,-2.07,-1.94
90,加檬,2025-09-04,-1.96,-1.88
90,加檬,2025-09-05,-1.98,-1.93
90,加檬,2025-09-06,-2.01,-1.96
90,加檬,2025-09-07,-1.93,-1.89
90,加檬,2025-09-08,-1.93,-1.89
90,加檬,2025-09-09,-1.96,-1.93
90,加檬,2025-09-10,-2.02,-1.98
90,加檬,2025-09-11,-2.06,-2
90,加檬,2025-09-12,-2.04,-1.99
90,加檬,2025-09-13,-1.34,-1.4
90,加檬,2025-09-14,-1.36,-1.41
90,加檬,2025-09-15,-1.41,-1.44
90,加檬,2025-09-16,-1.49,-1.52
90,加檬,2025-09-17,-1.11,-1.26
90,加檬,2025-09-18,-1.04,-1.26
90,加檬,2025-09-19,-1.02,-1.25
90,加檬,2025-09-20,-.56,-.83
90,加檬,2025-09-21,-.56,-.83
90,加檬,2025-09-22,-.56,-.83
90,加檬,2025-09-23,-.56,-.83
90,加檬,2025-09-24,-.56,-.84
90,加檬,2025-09-25,-.59,-.88
90,加檬,2025-09-26,-.55,-.9
90,加檬,2025-09-27,-.55,-.93
90,加檬,2025-09-28,-.44,-.92
90,加檬,2025-09-29,-.43,-.93
90,加檬,2025-09-30,-.4,-.92
90,加檬,2025-10-01,-.36,-.94
90,加檬,2025-10-02,-.32,-.94
90,加檬,2025-10-03,-.23,-.86
90,加檬,2025-10-04,-.21,-.87
90,加檬,2025-10-05,-.18,-.9
90,加檬,2025-10-06,.07,-.67
90,加檬,2025-10-07,.34,-.42
90,加檬,2025-10-08,.34,-.44
90,加檬,2025-10-09,.43,-.39
90,加檬,2025-10-10,.57,-.29
90,加檬,2025-10-11,.63,-.27
90,加檬,2025-10-12,.69,-.27
90,加檬,2025-10-13,.87,-.1
90,加檬,2025-10-14,.63,-.07
90,加檬,2025-10-15,.6,-.04
90,加檬,2025-10-16,.67,.05
90,加檬,2025-10-17,.63,.07
90,加檬,2025-10-18,.78,.22
90,加檬,2025-10-19,.79,.2
90,加檬,2025-10-20,.86,.29
90,加檬,2025-10-21,.95,.37
90,加檬,2025-10-22,1.2,.52
90,加檬,2025-10-23,1.24,.52
90,加檬,2025-10-24,1.39,.64
90,加檬,2025-10-25,1.39,.64
90,加檬,2025-10-26,1.44,.65
90,加檬,2025-10-27,1.44,.66
90,加檬,2025-10-28,1.44,.65
90,加檬,2025-10-29,1.44,.65
90,加檬,2025-10-30,1.45,.66
90,加檬,2025-10-31,1.49,.65
95,枚盔,2023-01-01,0,0
95,枚盔,2023-01-02,1.68,1.11
95,枚盔,2023-01-03,.24,1.13
95,枚盔,2023-01-04,.05,1.12
95,枚盔,2023-01-05,.08,1.13
95,枚盔,2023-01-06,.17,1.15
95,枚盔,2023-01-07,.19,1.1
95,枚盔,2023-01-08,.18,1.13
95,枚盔,2023-01-09,-.16,1.17
95,枚盔,2023-01-10,-.16,1.19
95,枚盔,2023-01-11,-.15,1.25
95,枚盔,2023-01-12,-.09,1.3
95,枚盔,2023-01-13,.5,1.28
95,枚盔,2023-01-14,.53,1.34
95,枚盔,2023-01-15,.58,1.35
95,枚盔,2023-01-16,.6,1.38
95,枚盔,2023-01-17,.61,1.4
95,枚盔,2023-01-18,.63,1.42
95,枚盔,2023-01-19,.69,1.47
95,枚盔,2023-01-20,.69,1.51
95,枚盔,2023-01-21,.7,1.46
95,枚盔,2023-01-22,.74,1.49
95,枚盔,2023-01-23,.75,1.47
95,枚盔,2023-01-24,.75,1.54
95,枚盔,2023-01-25,.79,1.54
95,枚盔,2023-01-26,.79,1.59
95,枚盔,2023-01-27,.85,1.59
95,枚盔,2023-01-28,.88,1.62
95,枚盔,2023-01-29,.89,1.64
95,枚盔,2023-01-30,.89,1.67
95,枚盔,2023-01-31,.95,1.53
95,枚盔,2023-02-01,.92,1.45
95,枚盔,2023-02-02,.97,1.43
95,枚盔,2023-02-03,.95,1.47
95,枚盔,2023-02-04,1,1.51
95,枚盔,2023-02-05,1.06,1.58
95,枚盔,2023-02-06,1.12,1.65
95,枚盔,2023-02-07,1.17,1.68
95,枚盔,2023-02-08,1.2,1.29
95,枚盔,2023-02-09,1.23,1.06
95,枚盔,2023-02-10,1.23,1.1
95,枚盔,2023-02-11,1.27,1.15
95,枚盔,2023-02-12,.54,1.19
95,枚盔,2023-02-13,.48,1.21
95,枚盔,2023-02-14,.48,1.21
95,枚盔,2023-02-15,.41,1.15
95,枚盔,2023-02-16,.42,1.17
95,枚盔,2023-02-17,.45,1.1
95,枚盔,2023-02-18,.47,1.11
95,枚盔,2023-02-19,.51,1.09
95,枚盔,2023-02-20,.54,1.2
95,枚盔,2023-02-21,.53,1.26
95,枚盔,2023-02-22,.52,1.27
95,枚盔,2023-02-23,.5,1.35
95,枚盔,2023-02-24,.53,1.39
95,枚盔,2023-02-25,.47,1.5
95,枚盔,2023-02-26,.48,1.53
95,枚盔,2023-02-27,.49,1.51
95,枚盔,2023-02-28,-.33,1.81
95,枚盔,2023-03-01,-.39,1.88
95,枚盔,2023-03-02,-.4,2.02
95,枚盔,2023-03-03,-.44,2.13
95,枚盔,2023-03-04,-.45,1.86
95,枚盔,2023-03-05,-.5,1
95,枚盔,2023-03-06,-.53,.83
95,枚盔,2023-03-07,-.51,.9
95,枚盔,2023-03-08,-.5,.91
95,枚盔,2023-03-09,-.42,.96
95,枚盔,2023-03-10,-.4,1.13
95,枚盔,2023-03-11,-.44,1.17
95,枚盔,2023-03-12,-.2,1.27
95,枚盔,2023-03-13,-.3,1.33
95,枚盔,2023-03-14,-.32,1.35
95,枚盔,2023-03-15,-.35,1.39
95,枚盔,2023-03-16,-.35,1.13
95,枚盔,2023-03-17,-.35,1.12
95,枚盔,2023-03-18,-.39,1.19
95,枚盔,2023-03-19,-.42,1.25
95,枚盔,2023-03-20,-.45,1.27
95,枚盔,2023-03-21,-.56,1.3
95,枚盔,2023-03-22,-.54,1.29
95,枚盔,2023-03-23,-.61,1.24
95,枚盔,2023-03-24,-.64,1.22
95,枚盔,2023-03-25,-.65,1.22
95,枚盔,2023-03-26,-.72,1.22
95,枚盔,2023-03-27,-.74,1.24
95,枚盔,2023-03-28,-.73,1.24
95,枚盔,2023-03-29,-.75,1.24
95,枚盔,2023-03-30,-.77,1.23
95,枚盔,2023-03-31,-.8,1.21
95,枚盔,2023-04-01,-.8,1.23
95,枚盔,2023-04-02,-.84,1.06
95,枚盔,2023-04-03,-.86,-.27
95,枚盔,2023-04-04,-.74,-.39
95,枚盔,2023-04-05,.32,.16
95,枚盔,2023-04-06,.17,.15
95,枚盔,2023-04-07,.13,.14
95,枚盔,2023-04-08,.14,.14
95,枚盔,2023-04-09,.12,-.13
95,枚盔,2023-04-10,.09,-.16
95,枚盔,2023-04-11,.31,-.01
95,枚盔,2023-04-12,.19,-.02
95,枚盔,2023-04-13,-.58,-.03
95,枚盔,2023-04-14,-.58,-.01
95,枚盔,2023-04-15,-.55,.04
95,枚盔,2023-04-16,-.39,.12
95,枚盔,2023-04-17,-.42,.11
95,枚盔,2023-04-18,-.42,.12
95,枚盔,2023-04-19,-.55,.06
95,枚盔,2023-04-20,-.56,.04
95,枚盔,2023-04-21,-.61,.01
95,枚盔,2023-04-22,-.66,0
95,枚盔,2023-04-23,-.67,-.02
95,枚盔,2023-04-24,-.71,-.04
95,枚盔,2023-04-25,-.68,0
95,枚盔,2023-04-26,-.72,-.04
95,枚盔,2023-04-27,-.76,-.03
95,枚盔,2023-04-28,-.81,-.04
95,枚盔,2023-04-29,-.32,.24
95,枚盔,2023-04-30,-.35,.25
95,枚盔,2023-05-01,-.34,.25
95,枚盔,2023-05-02,-.35,.23
95,枚盔,2023-05-03,-.41,.19
95,枚盔,2023-05-04,-.41,.2
95,枚盔,2023-05-05,.7,1.08
95,枚盔,2023-05-06,.82,1.18
95,枚盔,2023-05-07,.7,1.1
95,枚盔,2023-05-08,.7,1.1
95,枚盔,2023-05-09,.63,1.03
95,枚盔,2023-05-11,.59,1
95,枚盔,2023-05-12,.51,.59
95,枚盔,2023-05-13,.44,.51
95,枚盔,2023-05-14,.44,.51
95,枚盔,2023-05-15,.42,.46
95,枚盔,2023-05-16,.38,.43
95,枚盔,2023-05-17,.34,.4
95,枚盔,2023-05-18,.31,.39
95,枚盔,2023-05-19,.27,.37
95,枚盔,2023-05-20,.24,.36
95,枚盔,2023-05-21,.24,.36
95,枚盔,2023-05-22,.24,.35
95,枚盔,2023-05-23,.24,.34
95,枚盔,2023-05-24,.21,.32
95,枚盔,2023-05-25,.17,.26
95,枚盔,2023-05-26,.17,.26
95,枚盔,2023-05-27,.45,.52
95,枚盔,2023-05-28,.63,.4
95,枚盔,2023-05-29,.69,.44
95,枚盔,2023-05-30,.67,.44
95,枚盔,2023-05-31,.63,.41
95,枚盔,2023-06-01,.64,.4
95,枚盔,2023-06-02,.6,.37
95,枚盔,2023-06-03,.58,.34
95,枚盔,2023-06-04,.59,.35
95,枚盔,2023-06-05,.6,.34
95,枚盔,2023-06-06,.59,.33
95,枚盔,2023-06-07,.58,.32
95,枚盔,2023-06-08,.56,.31
95,枚盔,2023-06-09,.83,.59
95,枚盔,2023-06-10,1.07,.85
95,枚盔,2023-06-11,1.09,.85
95,枚盔,2023-06-12,1,.82
95,枚盔,2023-06-13,1.02,.81
95,枚盔,2023-06-14,.98,.77
95,枚盔,2023-06-15,.97,.74
95,枚盔,2023-06-16,.96,.73
95,枚盔,2023-06-17,.97,.72
95,枚盔,2023-06-18,.91,.65
95,枚盔,2023-06-19,.87,.61
95,枚盔,2023-06-20,.84,.59
95,枚盔,2023-06-21,1.03,.76
95,枚盔,2023-06-22,1.05,.8
95,枚盔,2023-06-23,1.03,.77
95,枚盔,2023-06-24,1.03,.73
95,枚盔,2023-06-25,.98,.68
95,枚盔,2023-06-26,1.19,.86
95,枚盔,2023-06-27,1.18,.85
95,枚盔,2023-06-28,1.17,.84
95,枚盔,2023-06-29,1.53,1.17
95,枚盔,2023-06-30,1.44,1.11
95,枚盔,2023-07-01,1.31,1
95,枚盔,2023-07-02,1.24,.93
95,枚盔,2023-07-03,1.19,.88
95,枚盔,2023-07-04,1.44,1.16
95,枚盔,2023-07-05,1.21,1.15
95,枚盔,2023-07-06,1.19,1.11
95,枚盔,2023-07-07,1.16,1.07
95,枚盔,2023-07-08,1.09,1
95,枚盔,2023-07-09,1.19,1.09
95,枚盔,2023-07-10,1.12,1.03
95,枚盔,2023-07-11,1.15,1.1
95,枚盔,2023-07-12,1.05,.97
95,枚盔,2023-07-13,1.11,.91
95,枚盔,2023-07-14,1.15,.95
95,枚盔,2023-07-15,1.3,1.11
95,枚盔,2023-07-16,1.2,1.04
95,枚盔,2023-07-17,1.14,.98
95,枚盔,2023-07-18,1.1,.94
95,枚盔,2023-07-19,1.07,.9
95,枚盔,2023-07-20,1.06,.86
95,枚盔,2023-07-21,1.03,.83
95,枚盔,2023-07-22,1.01,.8
95,枚盔,2023-07-23,1.08,.84
95,枚盔,2023-07-24,.99,.76
95,枚盔,2023-07-25,.97,.75
95,枚盔,2023-07-26,1.24,1.01
95,枚盔,2023-07-27,1.1,.88
95,枚盔,2023-07-28,1.08,.85
95,枚盔,2023-07-29,.98,.83
95,枚盔,2023-07-30,.95,.8
95,枚盔,2023-07-31,.88,.74
95,枚盔,2023-08-01,.79,.66
95,枚盔,2023-08-02,.72,.58
95,枚盔,2023-08-03,.68,.53
95,枚盔,2023-08-04,.64,.49
95,枚盔,2023-08-05,.33,.46
95,枚盔,2023-08-06,.23,.41
95,枚盔,2023-08-07,.22,.37
95,枚盔,2023-08-08,.18,.33
95,枚盔,2023-08-09,.16,.29
95,枚盔,2023-08-10,.34,.45
95,枚盔,2023-08-11,.39,.48
95,枚盔,2023-08-12,.39,.46
95,枚盔,2023-08-13,.38,.45
95,枚盔,2023-08-14,.34,.41
95,枚盔,2023-08-15,.3,.36
95,枚盔,2023-08-16,.3,.35
95,枚盔,2023-08-17,.3,.34
95,枚盔,2023-08-18,.29,.32
95,枚盔,2023-08-19,.28,.29
95,枚盔,2023-08-20,.24,.24
95,枚盔,2023-08-21,.21,.22
95,枚盔,2023-08-22,.29,.3
95,枚盔,2023-08-23,.5,.52
95,枚盔,2023-08-24,.5,.51
95,枚盔,2023-08-25,.48,.48
95,枚盔,2023-08-26,.46,.45
95,枚盔,2023-08-27,.33,.41
95,枚盔,2023-08-28,.27,.42
95,枚盔,2023-08-29,.34,.5
95,枚盔,2023-08-30,.34,.49
95,枚盔,2023-08-31,.33,.48
95,枚盔,2023-09-01,.29,.44
95,枚盔,2023-09-02,.27,.4
95,枚盔,2023-09-03,.25,.39
95,枚盔,2023-09-04,.25,.39
95,枚盔,2023-09-05,.21,.36
95,枚盔,2023-09-06,.21,.35
95,枚盔,2023-09-07,.2,.33
95,枚盔,2023-09-08,.2,.33
95,枚盔,2023-09-09,.08,.31
95,枚盔,2023-09-10,-.04,.28
95,枚盔,2023-09-11,-.06,.26
95,枚盔,2023-09-12,-.06,.22
95,枚盔,2023-09-13,-.02,.26
95,枚盔,2023-09-14,-.02,.25
95,枚盔,2023-09-15,-.03,.25
95,枚盔,2023-09-16,-.02,.24
95,枚盔,2023-09-17,.11,.38
95,枚盔,2023-09-18,.12,.36
95,枚盔,2023-09-19,.12,.35
95,枚盔,2023-09-20,.15,.37
95,枚盔,2023-09-21,.05,.36
95,枚盔,2023-09-22,.03,.36
95,枚盔,2023-09-23,.05,.37
95,枚盔,2023-09-24,.05,.37
95,枚盔,2023-09-25,.07,.37
95,枚盔,2023-09-26,0,.4
95,枚盔,2023-09-27,0,.4
95,枚盔,2023-09-28,0,.4
95,枚盔,2023-09-29,-.2,.39
95,枚盔,2023-09-30,-.11,.45
95,枚盔,2023-10-01,-.07,.45
95,枚盔,2023-10-02,-.05,.44
95,枚盔,2023-10-03,-.04,.43
95,枚盔,2023-10-04,-.2,.43
95,枚盔,2023-10-05,-.24,.3
95,枚盔,2023-10-06,-.23,.31
95,枚盔,2023-10-07,-.21,.31
95,枚盔,2023-10-08,-.17,.31
95,枚盔,2023-10-09,-.23,.34
95,枚盔,2023-10-10,-.2,.33
95,枚盔,2023-10-11,-.31,.3
95,枚盔,2023-10-12,-.24,.3
95,枚盔,2023-10-13,-.32,.31
95,枚盔,2023-10-14,-.4,.31
95,枚盔,2023-10-15,-.61,.29
95,枚盔,2023-10-16,-.55,.27
95,枚盔,2023-10-17,-.51,.27
95,枚盔,2023-10-18,-.49,.27
95,枚盔,2023-10-19,-.4,.32
95,枚盔,2023-10-20,-.38,.33
95,枚盔,2023-10-21,-.35,.34
95,枚盔,2023-10-22,-.33,.34
95,枚盔,2023-10-24,-.33,.35
95,枚盔,2023-10-25,-.3,.34
95,枚盔,2023-10-26,-.6,.36
95,枚盔,2023-10-27,-.49,.36
95,枚盔,2023-10-28,-.45,.36
95,枚盔,2023-10-29,-.42,.29
95,枚盔,2023-10-30,-.4,.3
95,枚盔,2023-10-31,-.37,.29
95,枚盔,2023-11-01,-.31,.3
95,枚盔,2023-11-02,-.25,.3
95,枚盔,2023-11-03,-.14,.35
95,枚盔,2023-11-04,0,0
95,枚盔,2023-11-05,-.04,.13
95,枚盔,2023-11-06,.31,.28
95,枚盔,2023-11-07,.34,.3
95,枚盔,2023-11-08,.38,.29
95,枚盔,2023-11-09,.45,.32
95,枚盔,2023-11-10,.23,.32
95,枚盔,2023-11-11,.15,.33
95,枚盔,2023-11-12,.18,.34
95,枚盔,2023-11-13,.21,.35
95,枚盔,2023-11-14,.28,.35
95,枚盔,2023-11-15,.35,.35
95,枚盔,2023-11-16,.43,.39
95,枚盔,2023-11-17,.44,.41
95,枚盔,2023-11-18,.47,.41
95,枚盔,2023-11-19,.5,.41
95,枚盔,2023-11-20,.59,.42
95,枚盔,2023-11-21,.64,.42
95,枚盔,2023-11-22,.5,.42
95,枚盔,2023-11-23,.09,.43
95,枚盔,2023-11-24,.09,.43
95,枚盔,2023-11-25,.16,.44
95,枚盔,2023-11-26,.2,.44
95,枚盔,2023-11-27,.33,.36
95,枚盔,2023-11-28,.31,.31
95,枚盔,2023-11-29,.06,.28
95,枚盔,2023-11-30,.12,.29
95,枚盔,2023-12-01,.23,.29
95,枚盔,2023-12-02,.34,.31
95,枚盔,2023-12-03,.41,.32
95,枚盔,2023-12-04,.41,.31
95,枚盔,2023-12-05,.55,.31
95,枚盔,2023-12-06,.6,.33
95,枚盔,2023-12-07,.66,.33
95,枚盔,2023-12-08,.67,.33
95,枚盔,2023-12-09,.71,.23
95,枚盔,2023-12-10,.85,.12
95,枚盔,2023-12-11,1.12,.19
95,枚盔,2023-12-12,1.14,.2
95,枚盔,2023-12-13,1.07,.2
95,枚盔,2023-12-14,1.22,.25
95,枚盔,2023-12-15,1.43,.32
95,枚盔,2023-12-16,1.28,.33
95,枚盔,2023-12-17,1.12,.34
95,枚盔,2023-12-18,1.21,.37
95,枚盔,2023-12-19,1.33,.38
95,枚盔,2023-12-20,1.26,.39
95,枚盔,2023-12-21,1.3,.3
95,枚盔,2023-12-22,1.27,.28
95,枚盔,2023-12-23,1.27,.3
95,枚盔,2023-12-24,1.33,.32
95,枚盔,2023-12-25,1.33,.34
95,枚盔,2023-12-26,1.24,.24
95,枚盔,2023-12-27,1.24,.24
95,枚盔,2023-12-28,1.25,.25
95,枚盔,2023-12-29,1.29,.06
95,枚盔,2023-12-30,1.18,.12
95,枚盔,2023-12-31,1.19,.12
95,枚盔,2024-01-01,1.19,.16
95,枚盔,2024-01-02,1.24,.21
95,枚盔,2024-01-03,1.35,.24
95,枚盔,2024-01-04,1.31,.06
95,枚盔,2024-01-05,1.36,.02
95,枚盔,2024-01-06,1.37,.03
95,枚盔,2024-01-07,1.34,.05
95,枚盔,2024-01-08,1.34,.09
95,枚盔,2024-01-09,1.24,0
95,枚盔,2024-01-10,1.3,.05
95,枚盔,2024-01-11,1.32,-.04
95,枚盔,2024-01-12,1.5,.03
95,枚盔,2024-01-13,1.48,-.04
95,枚盔,2024-01-14,1.54,-.1
95,枚盔,2024-01-15,1.57,-.29
95,枚盔,2024-01-16,1.62,-.23
95,枚盔,2024-01-17,1.67,-.18
95,枚盔,2024-01-18,1.71,-.15
95,枚盔,2024-01-19,1.53,-.11
95,枚盔,2024-01-20,1.53,-.09
95,枚盔,2024-01-21,1.52,-.05
95,枚盔,2024-01-22,1.57,-.02
95,枚盔,2024-01-23,1.57,-.08
95,枚盔,2024-01-24,1.56,-.01
95,枚盔,2024-01-25,1.6,.01
95,枚盔,2024-01-26,1.54,-.27
95,枚盔,2024-01-27,1.61,-.17
95,枚盔,2024-01-28,1.62,-.13
95,枚盔,2024-01-29,1.63,-.1
95,枚盔,2024-01-30,1.62,-.07
95,枚盔,2024-01-31,1.69,-.03
95,枚盔,2024-02-01,1.64,.04
95,枚盔,2024-02-02,1.68,.11
95,枚盔,2024-02-03,1.5,.17
95,枚盔,2024-02-04,1.55,.21
95,枚盔,2024-02-05,1.5,.25
95,枚盔,2024-02-06,.32,.32
95,枚盔,2024-02-07,.38,.37
95,枚盔,2024-02-08,.45,.42
95,枚盔,2024-02-09,.35,.48
95,枚盔,2024-02-10,.37,.25
95,枚盔,2024-02-11,.4,.19
95,枚盔,2024-02-12,.45,.22
95,枚盔,2024-02-13,.42,.25
95,枚盔,2024-02-14,.42,.32
95,枚盔,2024-02-15,.8,.49
95,枚盔,2024-02-16,.57,.51
95,枚盔,2024-02-17,.6,.53
95,枚盔,2024-02-18,.9,.63
95,枚盔,2024-02-19,1.12,.75
95,枚盔,2024-02-20,1.16,.85
95,枚盔,2024-02-21,1.22,.92
95,枚盔,2024-02-22,1.22,.79
95,枚盔,2024-02-23,1.22,.41
95,枚盔,2024-02-24,1.26,.43
95,枚盔,2024-02-25,1.27,.52
95,枚盔,2024-02-26,1.3,.56
95,枚盔,2024-02-27,1.21,.64
95,枚盔,2024-02-28,1.18,.63
95,枚盔,2024-03-03,1.24,.79
95,枚盔,2024-03-04,1.26,.83
95,枚盔,2024-03-05,1.24,.97
95,枚盔,2024-03-06,1.23,1.01
95,枚盔,2024-03-07,1.25,1.09
95,枚盔,2024-03-08,1.26,1.09
95,枚盔,2024-03-09,1.23,1.12
95,枚盔,2024-03-10,1.23,1.29
95,枚盔,2024-03-11,.81,1.32
95,枚盔,2024-03-12,.81,1.33
95,枚盔,2024-03-13,.78,1.23
95,枚盔,2024-03-14,.5,1.26
95,枚盔,2024-03-15,.02,1.28
95,枚盔,2024-03-16,-.05,1.12
95,枚盔,2024-03-17,-.05,.93
95,枚盔,2024-03-18,-.08,.99
95,枚盔,2024-03-19,-.02,1.08
95,枚盔,2024-03-20,-.04,.98
95,枚盔,2024-03-21,-.04,1.02
95,枚盔,2024-03-22,.6,1.28
95,枚盔,2024-03-23,.64,1.28
95,枚盔,2024-03-24,.57,1.27
95,枚盔,2024-03-25,.54,1.26
95,枚盔,2024-03-26,.7,1.25
95,枚盔,2024-03-27,.68,1.26
95,枚盔,2024-03-28,.71,1.29
95,枚盔,2024-03-29,.72,1.3
95,枚盔,2024-03-30,.51,1.13
95,枚盔,2024-03-31,.44,1.11
95,枚盔,2024-04-01,.45,1.12
95,枚盔,2024-04-02,.42,1.14
95,枚盔,2024-04-03,.38,1.18
95,枚盔,2024-04-04,.41,1.18
95,枚盔,2024-04-05,.34,1.21
95,枚盔,2024-04-06,.27,1.2
95,枚盔,2024-04-07,.28,1.18
95,枚盔,2024-04-08,.3,1.18
95,枚盔,2024-04-09,.26,1.09
95,枚盔,2024-04-10,.23,1.14
95,枚盔,2024-04-11,.22,1.15
95,枚盔,2024-04-12,.1,1.16
95,枚盔,2024-04-13,.1,1.13
95,枚盔,2024-04-14,-.02,1.09
95,枚盔,2024-04-15,.22,1.23
95,枚盔,2024-04-16,.19,1.23
95,枚盔,2024-04-17,.09,1.22
95,枚盔,2024-04-18,.02,1.23
95,枚盔,2024-04-20,-.03,1
95,枚盔,2024-04-21,-.08,.96
95,枚盔,2024-04-22,-.13,.95
95,枚盔,2024-04-23,-.13,.95
95,枚盔,2024-04-24,-.09,.97
95,枚盔,2024-04-25,-.13,.97
95,枚盔,2024-04-26,-.2,.86
95,枚盔,2024-04-27,-.23,.88
95,枚盔,2024-04-28,-.28,.87
95,枚盔,2024-04-29,-.35,.79
95,枚盔,2024-04-30,-.37,.82
95,枚盔,2024-05-01,-.36,.8
95,枚盔,2024-05-02,-.38,.75
95,枚盔,2024-05-03,-.43,.58
95,枚盔,2024-05-04,-.43,.59
95,枚盔,2024-05-05,.37,1.08
95,枚盔,2024-05-06,.43,.45
95,枚盔,2024-05-07,.41,.46
95,枚盔,2024-05-08,.41,.48
95,枚盔,2024-05-09,.35,.38
95,枚盔,2024-05-10,.32,.37
95,枚盔,2024-05-11,.64,.65
95,枚盔,2024-05-12,.56,.6
95,枚盔,2024-05-13,.47,.5
95,枚盔,2024-05-14,.45,.49
95,枚盔,2024-05-15,.74,.9
95,枚盔,2024-05-16,.69,.77
95,枚盔,2024-05-17,.63,.73
95,枚盔,2024-05-18,.45,.69
95,枚盔,2024-05-19,.29,.68
95,枚盔,2024-05-20,.26,.67
95,枚盔,2024-05-21,.22,.66
95,枚盔,2024-05-22,.21,.66
95,枚盔,2024-05-23,.21,.65
95,枚盔,2024-05-24,.16,.62
95,枚盔,2024-05-25,.12,.6
95,枚盔,2024-05-26,.18,.66
95,枚盔,2024-05-27,.16,.61
95,枚盔,2024-05-28,.14,.58
95,枚盔,2024-05-29,.14,.61
95,枚盔,2024-05-30,.12,.6
95,枚盔,2024-05-31,.1,.57
95,枚盔,2024-06-01,.09,.57
95,枚盔,2024-06-02,.06,.55
95,枚盔,2024-06-03,.06,.52
95,枚盔,2024-06-04,.07,.53
95,枚盔,2024-06-05,.07,.52
95,枚盔,2024-06-06,.06,.5
95,枚盔,2024-06-07,.03,.49
95,枚盔,2024-06-08,.01,.46
95,枚盔,2024-06-09,0,.44
95,枚盔,2024-06-10,-.05,.4
95,枚盔,2024-06-11,-.06,.19
95,枚盔,2024-06-12,-.1,.16
95,枚盔,2024-06-13,-.11,.14
95,枚盔,2024-06-14,-.01,.11
95,枚盔,2024-06-15,-.02,-.08
95,枚盔,2024-06-16,-.03,-.11
95,枚盔,2024-06-17,-.06,-.13
95,枚盔,2024-06-18,-.15,-.22
95,枚盔,2024-06-19,-.2,-.24
95,枚盔,2024-06-20,-.21,-.26
95,枚盔,2024-06-21,-.23,-.27
95,枚盔,2024-06-22,-.41,-.21
95,枚盔,2024-06-23,-.2,-.01
95,枚盔,2024-06-24,-.22,-.05
95,枚盔,2024-06-25,-.28,-.09
95,枚盔,2024-06-26,-.44,-.17
95,枚盔,2024-06-27,-.48,-.21
95,枚盔,2024-06-28,-.53,-.23
95,枚盔,2024-06-29,-.5,-.21
95,枚盔,2024-06-30,-.18,-.06
95,枚盔,2024-07-01,-.25,-.12
95,枚盔,2024-07-02,-.01,.07
95,枚盔,2024-07-03,-.03,.04
95,枚盔,2024-07-04,-.01,.06
95,枚盔,2024-07-05,-.02,.02
95,枚盔,2024-07-06,.04,.07
95,枚盔,2024-07-07,.03,.07
95,枚盔,2024-07-08,.04,.07
95,枚盔,2024-07-09,0,.03
95,枚盔,2024-07-10,-.06,-.03
95,枚盔,2024-07-11,-.11,-.08
95,枚盔,2024-07-12,-.2,-.18
95,枚盔,2024-07-13,-.24,-.23
95,枚盔,2024-07-14,-.3,-.32
95,枚盔,2024-07-15,-.48,-.42
95,枚盔,2024-07-16,-.53,-.48
95,枚盔,2024-07-17,.52,.47
95,枚盔,2024-07-18,1.19,1.11
95,枚盔,2024-07-19,1.17,1.08
95,枚盔,2024-07-20,1.17,1.07
95,枚盔,2024-07-21,1.21,1.1
95,枚盔,2024-07-22,1.79,1.66
95,枚盔,2024-07-23,1.8,1.65
95,枚盔,2024-07-24,1.71,1.58
95,枚盔,2024-07-25,1.73,1.61
95,枚盔,2024-07-26,1.73,1.6
95,枚盔,2024-07-27,1.57,1.45
95,枚盔,2024-07-28,1.77,1.66
95,枚盔,2024-07-29,1.78,1.65
95,枚盔,2024-07-30,1.78,1.63
95,枚盔,2024-07-31,1.7,1.58
95,枚盔,2024-08-01,1.6,1.49
95,枚盔,2024-08-02,1.52,1.4
95,枚盔,2024-08-03,1.46,1.34
95,枚盔,2024-08-04,1.44,1.32
95,枚盔,2024-08-05,1.28,1.31
95,枚盔,2024-08-06,1.5,1.52
95,枚盔,2024-08-07,1.53,1.54
95,枚盔,2024-08-08,1.47,1.48
95,枚盔,2024-08-09,1.43,1.42
95,枚盔,2024-08-10,1.41,1.39
95,枚盔,2024-08-11,1.29,1.35
95,枚盔,2024-08-12,1.25,1.32
95,枚盔,2024-08-13,1.22,1.32
95,枚盔,2024-08-14,1.23,1.32
95,枚盔,2024-08-15,1.08,1.25
95,枚盔,2024-08-16,1.07,1.24
95,枚盔,2024-08-17,1.07,1.23
95,枚盔,2024-08-18,1.08,1.17
95,枚盔,2024-08-19,1.05,1.11
95,枚盔,2024-08-20,1.01,1.07
95,枚盔,2024-08-21,1.24,1.3
95,枚盔,2024-08-22,1.28,1.34
95,枚盔,2024-08-23,1.24,1.3
95,枚盔,2024-08-24,1.21,1.25
95,枚盔,2024-08-25,1.19,1.24
95,枚盔,2024-08-26,1.15,1.21
95,枚盔,2024-08-27,1.12,1.17
95,枚盔,2024-08-28,1.11,1.16
95,枚盔,2024-08-29,1.06,1.08
95,枚盔,2024-08-30,1.05,1.07
95,枚盔,2024-08-31,1.04,1.05
95,枚盔,2024-09-01,1,1.01
95,枚盔,2024-09-02,1,.99
95,枚盔,2024-09-03,1,.98
95,枚盔,2024-09-04,.99,.98
95,枚盔,2024-09-05,.98,.97
95,枚盔,2024-09-06,.98,.97
95,枚盔,2024-09-07,.98,.95
95,枚盔,2024-09-08,.95,.95
95,枚盔,2024-09-09,.94,.93
95,枚盔,2024-09-10,.91,.89
95,枚盔,2024-09-11,.88,.87
95,枚盔,2024-09-12,.91,.88
95,枚盔,2024-09-13,1.02,1.01
95,枚盔,2024-09-14,1.05,1.03
95,枚盔,2024-09-15,1.05,1.02
95,枚盔,2024-09-16,1.05,1.02
95,枚盔,2024-09-17,1.04,1
95,枚盔,2024-09-18,1.08,1.02
95,枚盔,2024-09-19,1.08,1
95,枚盔,2024-09-20,1.27,1.2
95,枚盔,2024-09-21,1.3,1.21
95,枚盔,2024-09-22,1.29,1.14
95,枚盔,2024-09-23,1.25,1.14
95,枚盔,2024-09-24,1.27,1.15
95,枚盔,2024-09-25,1.29,1.15
95,枚盔,2024-09-26,1.32,1.14
95,枚盔,2024-09-27,1.34,1.14
95,枚盔,2024-09-28,1.35,1.13
95,枚盔,2024-09-29,1.36,1.13
95,枚盔,2024-09-30,1.3,1.13
95,枚盔,2024-10-01,1.32,1.14
95,枚盔,2024-10-02,1.27,1.14
95,枚盔,2024-10-03,1.26,1.12
95,枚盔,2024-10-04,1.24,1.12
95,枚盔,2024-10-05,1.24,1.12
95,枚盔,2024-10-06,1.22,1.12
95,枚盔,2024-10-07,1.23,1.12
95,枚盔,2024-10-08,1.23,1.12
95,枚盔,2024-10-09,1.26,1.12
95,枚盔,2024-10-10,1.31,1.14
95,枚盔,2024-10-11,1.36,1.14
95,枚盔,2024-10-12,1.38,1.15
95,枚盔,2024-10-13,1.4,1.15
95,枚盔,2024-10-14,1.46,1.15
95,枚盔,2024-10-15,1.52,1.12
95,枚盔,2024-10-16,1.54,1.12
95,枚盔,2024-10-17,1.03,1.11
95,枚盔,2024-10-18,.63,1.2
95,枚盔,2024-10-19,.67,1.2
95,枚盔,2024-10-20,.68,1.2
95,枚盔,2024-10-21,.67,1.21
95,枚盔,2024-10-22,.16,1.28
95,枚盔,2024-10-23,.17,1.29
95,枚盔,2024-10-24,.21,1.27
95,枚盔,2024-10-25,.21,1.28
95,枚盔,2024-10-26,.1,1.29
95,枚盔,2024-10-27,-.01,1.29
95,枚盔,2024-10-28,.03,1.28
95,枚盔,2024-10-29,.04,1.3
95,枚盔,2024-10-30,.06,1.31
95,枚盔,2024-10-31,.1,1.3
95,枚盔,2024-11-01,.17,1.3
95,枚盔,2024-11-02,.23,1.31
95,枚盔,2024-11-03,.29,1.31
95,枚盔,2024-11-04,.32,1.3
95,枚盔,2024-11-05,.33,1.17
95,枚盔,2024-11-06,-.06,1.15
95,枚盔,2024-11-07,-.1,1.14
95,枚盔,2024-11-08,-.08,1.14
95,枚盔,2024-11-09,-.03,1.16
95,枚盔,2024-11-10,0,1.17
95,枚盔,2024-11-11,.03,1.09
95,枚盔,2024-11-12,.06,1.07
95,枚盔,2024-11-13,.09,1.08
95,枚盔,2024-11-14,.1,1.09
95,枚盔,2024-11-15,.17,.97
95,枚盔,2024-11-16,.21,1
95,枚盔,2024-11-17,.23,1.01
95,枚盔,2024-11-18,.25,1.04
95,枚盔,2024-11-19,.28,1.03
95,枚盔,2024-11-20,.36,1.03
95,枚盔,2024-11-21,-.14,1.04
95,枚盔,2024-11-22,-.29,1.04
95,枚盔,2024-11-23,-.23,1.04
95,枚盔,2024-11-24,-.16,1.05
95,枚盔,2024-11-25,.19,1.09
95,枚盔,2024-11-26,.07,1.08
95,枚盔,2024-11-27,.19,1.09
95,枚盔,2024-11-28,.24,1.09
95,枚盔,2024-11-29,.39,1.11
95,枚盔,2024-11-30,.46,1.11
95,枚盔,2024-12-01,.57,1.12
95,枚盔,2024-12-02,.67,1.14
95,枚盔,2024-12-03,.74,1.15
95,枚盔,2024-12-04,.78,1.14
95,枚盔,2024-12-05,.86,1.14
95,枚盔,2024-12-06,.89,1.15
95,枚盔,2024-12-07,.95,1.15
95,枚盔,2024-12-08,.96,1.13
95,枚盔,2024-12-09,1.01,1.14
95,枚盔,2024-12-10,1.16,1.15
95,枚盔,2024-12-11,1.18,1.15
95,枚盔,2024-12-12,1.14,1.17
95,枚盔,2024-12-13,.72,1.17
95,枚盔,2024-12-14,.64,1.18
95,枚盔,2024-12-15,.67,1.19
95,枚盔,2024-12-16,.67,1.19
95,枚盔,2024-12-17,.8,1.2
95,枚盔,2024-12-18,.71,1.23
95,枚盔,2024-12-19,.8,1.25
95,枚盔,2024-12-20,-.48,1.26
95,枚盔,2024-12-21,-.54,1.29
95,枚盔,2024-12-22,-.53,1.28
95,枚盔,2024-12-23,-.54,1.23
95,枚盔,2024-12-24,-.53,1.26
95,枚盔,2024-12-25,-.49,1.28
95,枚盔,2024-12-26,-.48,1.32
95,枚盔,2024-12-27,-.44,1.35
95,枚盔,2024-12-28,-.44,1.36
95,枚盔,2024-12-29,-.39,1.38
95,枚盔,2024-12-30,-.37,1.31
95,枚盔,2024-12-31,-.38,1.32
95,枚盔,2025-01-01,-.44,1.34
95,枚盔,2025-01-02,-.39,1.27
95,枚盔,2025-01-03,-.31,1.28
95,枚盔,2025-01-04,-.29,1.25
95,枚盔,2025-01-05,-.17,1.26
95,枚盔,2025-01-06,-.14,1.24
95,枚盔,2025-01-07,-.17,1.25
95,枚盔,2025-01-08,-.19,1.24
95,枚盔,2025-01-09,-.17,1.27
95,枚盔,2025-01-10,-.26,1.32
95,枚盔,2025-01-11,-.25,1.38
95,枚盔,2025-01-12,-.2,1.43
95,枚盔,2025-01-13,-.2,1.44
95,枚盔,2025-01-14,-.2,1.51
95,枚盔,2025-01-15,-.21,1.57
95,枚盔,2025-01-16,-.17,1.58
95,枚盔,2025-01-17,-.17,1.03
95,枚盔,2025-01-18,-.88,.49
95,枚盔,2025-01-19,-.91,.53
95,枚盔,2025-01-20,-.88,.54
95,枚盔,2025-01-21,-.87,.52
95,枚盔,2025-01-22,-1.72,-.13
95,枚盔,2025-01-23,-1.74,-.13
95,枚盔,2025-01-24,-1.73,-.09
95,枚盔,2025-01-25,-1.7,-.08
95,枚盔,2025-01-26,-1.65,-.21
95,枚盔,2025-01-27,-1.43,-.3
95,枚盔,2025-01-28,-1.36,-.24
95,枚盔,2025-01-29,-1.35,-.22
95,枚盔,2025-01-30,-1.32,-.21
95,枚盔,2025-01-31,-1.32,-.16
95,枚盔,2025-02-01,-1.3,-.09
95,枚盔,2025-02-02,-1.27,-.03
95,枚盔,2025-02-03,-1.25,.02
95,枚盔,2025-02-04,-1.26,.06
95,枚盔,2025-02-05,-1.23,.08
95,枚盔,2025-02-06,-1.19,-.34
95,枚盔,2025-02-07,-1.16,-.38
95,枚盔,2025-02-08,-1.01,-.34
95,枚盔,2025-02-09,-.98,-.29
95,枚盔,2025-02-10,-.93,-.25
95,枚盔,2025-02-11,-.9,-.21
95,枚盔,2025-02-12,-.8,-.16
95,枚盔,2025-02-13,-.78,-.13
95,枚盔,2025-02-14,-.82,-.14
95,枚盔,2025-02-15,-.8,-.07
95,枚盔,2025-02-16,-1.01,-.06
95,枚盔,2025-02-17,-.98,-.03
95,枚盔,2025-02-18,-.95,-.01
95,枚盔,2025-02-19,-.86,.02
95,枚盔,2025-02-20,-.82,.11
95,枚盔,2025-02-21,-.88,-.44
95,枚盔,2025-02-22,-.87,-.59
95,枚盔,2025-02-23,-.88,-.53
95,枚盔,2025-02-24,-.84,-.45
95,枚盔,2025-02-25,-.81,-.39
95,枚盔,2025-02-26,-1.56,-.35
95,枚盔,2025-02-27,-1.67,-.24
95,枚盔,2025-02-28,-1.51,0
95,枚盔,2025-03-01,-1.76,.08
95,枚盔,2025-03-02,-1.11,.27
95,枚盔,2025-03-03,-.92,.36
95,枚盔,2025-03-04,-.85,.42
95,枚盔,2025-03-05,-.89,.46
95,枚盔,2025-03-06,-.93,.48
95,枚盔,2025-03-07,-.91,.54
95,枚盔,2025-03-08,-.92,.55
95,枚盔,2025-03-09,-.93,.57
95,枚盔,2025-03-10,-.91,.7
95,枚盔,2025-03-11,-.96,.76
95,枚盔,2025-03-12,-1,.71
95,枚盔,2025-03-13,-1.04,.21
95,枚盔,2025-03-14,-1.07,.13
95,枚盔,2025-03-15,-1.05,.16
95,枚盔,2025-03-16,-.72,.26
95,枚盔,2025-03-17,-.73,.36
95,枚盔,2025-03-18,-.68,.26
95,枚盔,2025-03-19,-.7,.31
95,枚盔,2025-03-20,-.73,-.86
95,枚盔,2025-03-21,-.87,-.96
95,枚盔,2025-03-22,-.86,-.96
95,枚盔,2025-03-23,-.94,-.97
95,枚盔,2025-03-24,-.96,-.97
95,枚盔,2025-03-25,-1.02,-.97
95,枚盔,2025-03-26,-1.09,-.98
95,枚盔,2025-03-27,-1.07,-.94
95,枚盔,2025-03-28,-1.05,-.94
95,枚盔,2025-03-29,-1.07,-.87
95,枚盔,2025-03-30,-1.09,-.88
95,枚盔,2025-03-31,-1.11,-.89
95,枚盔,2025-04-01,-1.12,-.95
95,枚盔,2025-04-02,-1.17,-.93
95,枚盔,2025-04-03,-1.18,-.86
95,枚盔,2025-04-04,-1.16,-.85
95,枚盔,2025-04-05,-.48,-.47
95,枚盔,2025-04-06,-.6,-.5
95,枚盔,2025-04-07,-.58,-.51
95,枚盔,2025-04-08,-.56,-.52
95,枚盔,2025-04-09,-.58,-.53
95,枚盔,2025-04-10,-.62,-.63
95,枚盔,2025-04-11,-.65,-.63
95,枚盔,2025-04-12,-.26,-.38
95,枚盔,2025-04-13,-.03,-.25
95,枚盔,2025-04-14,.04,-.18
95,枚盔,2025-04-15,.02,-.19
95,枚盔,2025-04-16,0,-.19
95,枚盔,2025-04-17,-.04,-.21
95,枚盔,2025-04-18,-.1,-.72
95,枚盔,2025-04-19,.52,-.23
95,枚盔,2025-04-20,.47,-.25
95,枚盔,2025-04-21,.42,-.28
95,枚盔,2025-04-22,1.05,-.08
95,枚盔,2025-04-23,1,-.12
95,枚盔,2025-04-24,.97,-.14
95,枚盔,2025-04-25,.93,-.15
95,枚盔,2025-04-26,.84,-.19
95,枚盔,2025-04-27,.74,-.18
95,枚盔,2025-04-28,.7,-.2
95,枚盔,2025-04-29,.61,-.24
95,枚盔,2025-04-30,.59,-.24
95,枚盔,2025-05-01,.78,-.03
95,枚盔,2025-05-02,.71,-.03
95,枚盔,2025-05-03,.75,0
95,枚盔,2025-05-04,.74,.01
95,枚盔,2025-05-05,.67,-.01
95,枚盔,2025-05-06,.51,-.09
95,枚盔,2025-05-07,.4,-.14
95,枚盔,2025-05-22,.52,.11
95,枚盔,2025-05-23,.51,.11
95,枚盔,2025-05-24,.48,.09
95,枚盔,2025-05-25,.45,.07
95,枚盔,2025-05-26,.44,-.1
95,枚盔,2025-06-03,.18,-.2
95,枚盔,2025-06-04,.16,-.19
95,枚盔,2025-06-05,.17,-.2
95,枚盔,2025-06-06,.16,-.22
95,枚盔,2025-06-07,.14,-.23
95,枚盔,2025-06-08,.12,-.25
95,枚盔,2025-06-09,.1,-.27
95,枚盔,2025-06-10,.06,-.31
95,枚盔,2025-06-11,.05,-.32
95,枚盔,2025-06-12,.02,-.35
95,枚盔,2025-06-13,.01,-.37
95,枚盔,2025-06-14,-.01,-.39
95,枚盔,2025-06-15,.31,-.07
95,枚盔,2025-06-16,.47,.17
95,枚盔,2025-06-17,.47,.15
95,枚盔,2025-06-18,.36,.07
95,枚盔,2025-06-19,.34,.04
95,枚盔,2025-06-20,1.32,1
95,枚盔,2025-06-21,1.28,.95
95,枚盔,2025-06-22,1.24,.93
95,枚盔,2025-06-23,1.22,.91
95,枚盔,2025-06-24,1.24,.89
95,枚盔,2025-06-25,1.21,.83
95,枚盔,2025-06-26,1.13,.74
95,枚盔,2025-06-27,1.09,.71
95,枚盔,2025-06-28,1.15,.76
95,枚盔,2025-06-29,1.07,.69
95,枚盔,2025-06-30,.97,.6
95,枚盔,2025-07-01,.86,.52
95,枚盔,2025-07-02,.79,.44
95,枚盔,2025-07-03,.74,.39
95,枚盔,2025-07-04,.75,.41
95,枚盔,2025-07-05,.48,.3
95,枚盔,2025-07-06,.48,.27
95,枚盔,2025-07-07,.45,.25
95,枚盔,2025-07-08,.36,.16
95,枚盔,2025-07-09,.28,.1
95,枚盔,2025-07-10,.21,.02
95,枚盔,2025-07-11,.15,-.02
95,枚盔,2025-07-12,-.03,-.12
95,枚盔,2025-07-13,-.06,-.1
95,枚盔,2025-07-14,-.11,-.13
95,枚盔,2025-07-15,-.19,-.21
95,枚盔,2025-07-16,-.17,-.2
95,枚盔,2025-07-17,-.18,-.22
95,枚盔,2025-07-18,-.16,-.21
95,枚盔,2025-07-19,-.14,-.05
95,枚盔,2025-07-20,.31,.36
95,枚盔,2025-07-21,.27,.32
95,枚盔,2025-07-22,.05,.28
95,枚盔,2025-07-23,0,.23
95,枚盔,2025-07-24,-.06,.16
95,枚盔,2025-07-25,-.12,.1
95,枚盔,2025-07-26,-.17,.03
95,枚盔,2025-07-27,-.22,-.05
95,枚盔,2025-07-28,-.27,-.11
95,枚盔,2025-07-29,-.28,-.14
95,枚盔,2025-07-30,-.32,-.18
95,枚盔,2025-07-31,-.37,-.23
95,枚盔,2025-08-01,-.51,-.31
95,枚盔,2025-08-02,-.55,-.36
95,枚盔,2025-08-03,-.6,-.4
95,枚盔,2025-08-04,-.64,-.44
95,枚盔,2025-08-05,-.66,-.48
95,枚盔,2025-08-06,-.55,-.41
95,枚盔,2025-08-07,-.56,-.45
95,枚盔,2025-08-08,-.58,-.47
95,枚盔,2025-08-09,-.69,-.51
95,枚盔,2025-08-10,-.83,-.54
95,枚盔,2025-08-11,-.83,-.56
95,枚盔,2025-08-12,-.79,-.59
95,枚盔,2025-08-13,-.2,-.09
95,枚盔,2025-08-14,.14,.23
95,枚盔,2025-08-15,.06,.19
95,枚盔,2025-08-16,.04,.18
95,枚盔,2025-08-17,.03,.16
95,枚盔,2025-08-18,.04,.15
95,枚盔,2025-08-19,.03,.13
95,枚盔,2025-08-20,0,.08
95,枚盔,2025-08-21,-.03,.06
95,枚盔,2025-08-22,-.04,.05
95,枚盔,2025-08-23,-.08,.01
95,枚盔,2025-08-24,-.1,-.01
95,枚盔,2025-08-25,.07,.14
95,枚盔,2025-08-26,.24,.32
95,枚盔,2025-08-27,.21,.28
95,枚盔,2025-08-28,.17,.26
95,枚盔,2025-08-29,.15,.23
95,枚盔,2025-08-30,.2,.28
95,枚盔,2025-08-31,.27,.34
95,枚盔,2025-09-01,.32,.39
95,枚盔,2025-09-02,.3,.31
95,枚盔,2025-09-03,.29,.28
95,枚盔,2025-09-04,.36,.35
95,枚盔,2025-09-05,.33,.32
95,枚盔,2025-09-06,.44,.43
95,枚盔,2025-09-07,.44,.42
95,枚盔,2025-09-08,.44,.42
95,枚盔,2025-09-09,.43,.41
95,枚盔,2025-09-10,.42,.37
95,枚盔,2025-09-11,.4,.35
95,枚盔,2025-09-12,.41,.36
95,枚盔,2025-09-13,.47,.42
95,枚盔,2025-09-14,.48,.42
95,枚盔,2025-09-15,.38,.41
95,枚盔,2025-09-16,.32,.41
95,枚盔,2025-09-17,.53,.62
95,枚盔,2025-09-18,.54,.6
95,枚盔,2025-09-19,.57,.62
95,枚盔,2025-09-20,.26,.66
95,枚盔,2025-09-21,.25,.65
95,枚盔,2025-09-22,.25,.65
95,枚盔,2025-09-23,.27,.65
95,枚盔,2025-09-24,.33,.71
95,枚盔,2025-09-25,.34,.71
95,枚盔,2025-09-26,.37,.71
95,枚盔,2025-09-27,.38,.71
95,枚盔,2025-09-28,.41,.76
95,枚盔,2025-09-29,.44,.75
95,枚盔,2025-09-30,.48,.76
95,枚盔,2025-10-01,.51,.75
95,枚盔,2025-10-02,.55,.75
95,枚盔,2025-10-03,.55,.73
95,枚盔,2025-10-04,.53,.73
95,枚盔,2025-10-05,.56,.66
95,枚盔,2025-10-06,.62,.71
95,枚盔,2025-10-07,.64,.72
95,枚盔,2025-10-08,.69,.72
95,枚盔,2025-10-09,.73,.73
95,枚盔,2025-10-10,.9,.86
95,枚盔,2025-10-11,1.14,1.04
95,枚盔,2025-10-12,1.17,1.01
95,枚盔,2025-10-13,1.22,1.05
95,枚盔,2025-10-14,1.26,1.04
95,枚盔,2025-10-15,1.32,1.05
95,枚盔,2025-10-16,1.31,1.05
95,枚盔,2025-10-17,1.35,1.07
95,枚盔,2025-10-18,1.4,1.11
95,枚盔,2025-10-19,1.33,1.02
95,枚盔,2025-10-20,1.1,1.03
95,枚盔,2025-10-21,1.14,1.03
95,枚盔,2025-10-22,1.15,.93
95,枚盔,2025-10-23,1.2,.93
95,枚盔,2025-10-24,1.26,.93
95,枚盔,2025-10-25,1.27,.94
95,枚盔,2025-10-26,1.32,.95
95,枚盔,2025-10-27,1.33,.94
95,枚盔,2025-10-28,1.35,.94
95,枚盔,2025-10-29,1.36,.96
95,枚盔,2025-10-30,1.4,.97
95,枚盔,2025-10-31,1.48,.97
101,冕玫,2023-01-01,0,0
101,冕玫,2023-01-02,1.79,1.14
101,冕玫,2023-01-03,.08,1.18
101,冕玫,2023-01-04,-.21,1.18
101,冕玫,2023-01-05,-.19,1.18
101,冕玫,2023-01-06,-.13,1.19
101,冕玫,2023-01-07,-.07,1.19
101,冕玫,2023-01-08,-.06,1.21
101,冕玫,2023-01-09,-.33,1.28
101,冕玫,2023-01-10,-.29,1.29
101,冕玫,2023-01-11,-.26,1.35
101,冕玫,2023-01-12,-.22,1.43
101,冕玫,2023-01-13,.47,1.29
101,冕玫,2023-01-14,.54,1.33
101,冕玫,2023-01-15,.84,1.45
101,冕玫,2023-01-16,.85,1.52
101,冕玫,2023-01-17,.87,1.55
101,冕玫,2023-01-18,.88,1.59
101,冕玫,2023-01-19,.92,1.63
101,冕玫,2023-01-20,.94,1.68
101,冕玫,2023-01-21,.94,1.61
101,冕玫,2023-01-22,1.01,1.66
101,冕玫,2023-01-23,1.03,1.62
101,冕玫,2023-01-24,1.06,1.63
101,冕玫,2023-01-25,1.09,1.66
101,冕玫,2023-01-26,1.08,1.71
101,冕玫,2023-01-27,1.14,1.75
101,冕玫,2023-01-28,1.17,1.79
101,冕玫,2023-01-29,1.21,1.78
101,冕玫,2023-01-30,1.22,1.8
101,冕玫,2023-01-31,1.26,1.77
101,冕玫,2023-02-01,1.21,1.79
101,冕玫,2023-02-02,1.21,1.7
101,冕玫,2023-02-03,1.19,1.7
101,冕玫,2023-02-04,1.22,1.75
101,冕玫,2023-02-05,1.31,1.8
101,冕玫,2023-02-06,1.37,1.84
101,冕玫,2023-02-07,1.42,1.83
101,冕玫,2023-02-08,1.54,1.51
101,冕玫,2023-02-09,1.58,1.14
101,冕玫,2023-02-10,1.59,1.17
101,冕玫,2023-02-11,1.64,1.09
101,冕玫,2023-02-12,.71,1.13
101,冕玫,2023-02-13,.71,1.13
101,冕玫,2023-02-14,.72,1.08
101,冕玫,2023-02-15,.7,.98
101,冕玫,2023-02-16,.63,1.01
101,冕玫,2023-02-17,.67,1.03
101,冕玫,2023-02-18,.68,1.04
101,冕玫,2023-02-19,.76,.98
101,冕玫,2023-02-20,.77,1.09
101,冕玫,2023-02-21,.75,1.15
101,冕玫,2023-02-22,.72,1.15
101,冕玫,2023-02-23,.71,1.25
101,冕玫,2023-02-24,.74,1.36
101,冕玫,2023-02-25,.73,1.46
101,冕玫,2023-02-26,.75,1.48
101,冕玫,2023-02-27,.72,1.56
101,冕玫,2023-02-28,.12,1.7
101,冕玫,2023-03-01,.08,1.83
101,冕玫,2023-03-02,.08,1.9
101,冕玫,2023-03-03,.03,1.96
101,冕玫,2023-03-04,.03,1.82
101,冕玫,2023-03-05,-.01,.7
101,冕玫,2023-03-06,-.02,.31
101,冕玫,2023-03-07,-.01,.33
101,冕玫,2023-03-08,0,.36
101,冕玫,2023-03-09,.01,.39
101,冕玫,2023-03-10,.02,.51
101,冕玫,2023-03-11,0,.62
101,冕玫,2023-03-12,.14,.73
101,冕玫,2023-03-13,.09,.78
101,冕玫,2023-03-14,.09,.83
101,冕玫,2023-03-15,0,.87
101,冕玫,2023-03-16,0,.87
101,冕玫,2023-03-17,-.01,.96
101,冕玫,2023-03-18,-.04,1.03
101,冕玫,2023-03-19,-.06,1.09
101,冕玫,2023-03-20,-.08,1.16
101,冕玫,2023-03-21,-.2,1.24
101,冕玫,2023-03-22,-.19,1.24
101,冕玫,2023-03-23,-.24,1.2
101,冕玫,2023-03-24,-.28,1.26
101,冕玫,2023-03-25,-.3,1.26
101,冕玫,2023-03-26,-.38,1.26
101,冕玫,2023-03-27,-.39,1.28
101,冕玫,2023-03-28,-.4,1.26
101,冕玫,2023-03-29,-.42,1.28
101,冕玫,2023-03-30,-.44,1.29
101,冕玫,2023-03-31,-.48,1.26
101,冕玫,2023-04-01,-.49,1.28
101,冕玫,2023-04-02,-.51,1.18
101,冕玫,2023-04-03,-.54,-.32
101,冕玫,2023-04-04,-.46,-.52
101,冕玫,2023-04-05,.53,.11
101,冕玫,2023-04-06,.46,.11
101,冕玫,2023-04-07,.36,.09
101,冕玫,2023-04-08,.35,.09
101,冕玫,2023-04-09,.32,-.11
101,冕玫,2023-04-10,.26,-.12
101,冕玫,2023-04-11,.39,0
101,冕玫,2023-04-12,.28,-.02
101,冕玫,2023-04-13,-.47,-.05
101,冕玫,2023-04-14,-.57,-.07
101,冕玫,2023-04-15,-.87,-.01
101,冕玫,2023-04-16,-.85,0
101,冕玫,2023-04-17,-.88,-.02
101,冕玫,2023-04-18,-.71,.08
101,冕玫,2023-04-19,-.8,.04
101,冕玫,2023-04-20,-.84,.02
101,冕玫,2023-04-21,-.9,0
101,冕玫,2023-04-22,-.95,-.02
101,冕玫,2023-04-23,-.95,-.05
101,冕玫,2023-04-24,-.96,-.06
101,冕玫,2023-04-25,-.93,-.05
101,冕玫,2023-04-26,-1.01,-.1
101,冕玫,2023-04-27,-1.04,-.1
101,冕玫,2023-04-28,-1.09,-.1
101,冕玫,2023-04-29,-.58,.22
101,冕玫,2023-04-30,-.62,.2
101,冕玫,2023-05-01,-.6,.2
101,冕玫,2023-05-02,-.61,.19
101,冕玫,2023-05-03,-.65,.15
101,冕玫,2023-05-04,-.65,.15
101,冕玫,2023-05-05,.08,.71
101,冕玫,2023-05-06,.49,1.04
101,冕玫,2023-05-07,.35,.96
101,冕玫,2023-05-08,.33,.98
101,冕玫,2023-05-09,.29,.96
101,冕玫,2023-05-11,.19,.91
101,冕玫,2023-05-12,.13,.39
101,冕玫,2023-05-13,.02,.27
101,冕玫,2023-05-14,0,.24
101,冕玫,2023-05-15,0,.23
101,冕玫,2023-05-16,-.02,.18
101,冕玫,2023-05-17,-.04,.16
101,冕玫,2023-05-18,-.11,.1
101,冕玫,2023-05-19,-.16,.09
101,冕玫,2023-05-20,-.18,.08
101,冕玫,2023-05-21,-.18,.07
101,冕玫,2023-05-22,-.19,.05
101,冕玫,2023-05-23,-.2,.05
101,冕玫,2023-05-24,-.23,.03
101,冕玫,2023-05-25,-.28,-.01
101,冕玫,2023-05-26,-.29,-.02
101,冕玫,2023-05-27,-.09,.15
101,冕玫,2023-05-28,.17,.1
101,冕玫,2023-05-29,.23,.15
101,冕玫,2023-05-30,.2,.15
101,冕玫,2023-05-31,.18,.12
101,冕玫,2023-06-01,.17,.1
101,冕玫,2023-06-02,.12,.05
101,冕玫,2023-06-03,.12,.02
101,冕玫,2023-06-04,.13,.03
101,冕玫,2023-06-05,.13,.01
101,冕玫,2023-06-06,.12,0
101,冕玫,2023-06-07,.09,-.01
101,冕玫,2023-06-08,.07,-.02
101,冕玫,2023-06-09,.38,.29
101,冕玫,2023-06-10,.44,.36
101,冕玫,2023-06-11,.65,.57
101,冕玫,2023-06-12,.56,.52
101,冕玫,2023-06-13,.55,.49
101,冕玫,2023-06-14,.53,.47
101,冕玫,2023-06-15,.52,.42
101,冕玫,2023-06-16,.51,.41
101,冕玫,2023-06-17,.49,.39
101,冕玫,2023-06-18,.45,.33
101,冕玫,2023-06-19,.41,.29
101,冕玫,2023-06-20,.38,.25
101,冕玫,2023-06-21,.55,.39
101,冕玫,2023-06-22,.52,.36
101,冕玫,2023-06-23,.47,.31
101,冕玫,2023-06-24,.43,.26
101,冕玫,2023-06-25,.33,.16
101,冕玫,2023-06-26,.7,.5
101,冕玫,2023-06-27,.74,.55
101,冕玫,2023-06-28,.73,.54
101,冕玫,2023-06-29,1.19,.98
101,冕玫,2023-06-30,1.31,1.1
101,冕玫,2023-07-01,1.16,.97
101,冕玫,2023-07-02,1.06,.87
101,冕玫,2023-07-03,.98,.79
101,冕玫,2023-07-04,1.19,1.02
101,冕玫,2023-07-05,1.01,1.04
101,冕玫,2023-07-06,1,1.01
101,冕玫,2023-07-07,.96,.95
101,冕玫,2023-07-08,.89,.87
101,冕玫,2023-07-09,.89,.87
101,冕玫,2023-07-10,.87,.85
101,冕玫,2023-07-11,.95,.94
101,冕玫,2023-07-12,.86,.84
101,冕玫,2023-07-13,1.06,.92
101,冕玫,2023-07-14,1.15,1
101,冕玫,2023-07-15,1.06,.88
101,冕玫,2023-07-16,1,.81
101,冕玫,2023-07-17,.96,.77
101,冕玫,2023-07-18,.91,.74
101,冕玫,2023-07-19,.89,.71
101,冕玫,2023-07-20,.88,.68
101,冕玫,2023-07-21,.85,.64
101,冕玫,2023-07-22,.83,.61
101,冕玫,2023-07-23,.86,.63
101,冕玫,2023-07-24,.85,.61
101,冕玫,2023-07-25,.78,.54
101,冕玫,2023-07-26,.8,.55
101,冕玫,2023-07-27,.69,.46
101,冕玫,2023-07-28,.65,.41
101,冕玫,2023-07-29,.55,.38
101,冕玫,2023-07-30,.54,.36
101,冕玫,2023-07-31,.52,.34
101,冕玫,2023-08-01,.47,.29
101,冕玫,2023-08-02,.42,.25
101,冕玫,2023-08-03,.37,.19
101,冕玫,2023-08-04,.34,.15
101,冕玫,2023-08-05,.16,.13
101,冕玫,2023-08-06,.02,.09
101,冕玫,2023-08-07,0,.04
101,冕玫,2023-08-08,-.03,0
101,冕玫,2023-08-09,-.05,-.01
101,冕玫,2023-08-10,.12,.13
101,冕玫,2023-08-11,.14,.14
101,冕玫,2023-08-12,.14,.12
101,冕玫,2023-08-13,.14,.09
101,冕玫,2023-08-14,.12,.06
101,冕玫,2023-08-15,.07,.02
101,冕玫,2023-08-16,.07,0
101,冕玫,2023-08-17,.06,-.01
101,冕玫,2023-08-18,.06,-.03
101,冕玫,2023-08-19,.04,-.06
101,冕玫,2023-08-20,0,-.11
101,冕玫,2023-08-21,-.04,-.16
101,冕玫,2023-08-22,-.05,-.17
101,冕玫,2023-08-23,.18,.07
101,冕玫,2023-08-24,.24,.12
101,冕玫,2023-08-25,.23,.09
101,冕玫,2023-08-26,.21,.07
101,冕玫,2023-08-27,.12,.03
101,冕玫,2023-08-28,.04,.02
101,冕玫,2023-08-29,.08,.09
101,冕玫,2023-08-30,.11,.11
101,冕玫,2023-08-31,.09,.09
101,冕玫,2023-09-01,.05,.04
101,冕玫,2023-09-02,.02,0
101,冕玫,2023-09-03,.01,0
101,冕玫,2023-09-04,0,-.01
101,冕玫,2023-09-05,-.02,-.04
101,冕玫,2023-09-06,-.03,-.05
101,冕玫,2023-09-07,-.03,-.06
101,冕玫,2023-09-08,-.04,-.07
101,冕玫,2023-09-09,-.15,-.08
101,冕玫,2023-09-10,-.2,-.11
101,冕玫,2023-09-11,-.29,-.13
101,冕玫,2023-09-12,-.29,-.16
101,冕玫,2023-09-13,-.19,-.07
101,冕玫,2023-09-14,-.2,-.08
101,冕玫,2023-09-15,-.2,-.09
101,冕玫,2023-09-16,-.2,-.09
101,冕玫,2023-09-17,-.02,.06
101,冕玫,2023-09-18,-.01,.05
101,冕玫,2023-09-19,-.02,.04
101,冕玫,2023-09-20,.02,.07
101,冕玫,2023-09-21,-.05,.06
101,冕玫,2023-09-22,-.04,.06
101,冕玫,2023-09-23,-.03,.06
101,冕玫,2023-09-24,-.03,.06
101,冕玫,2023-09-25,.01,.07
101,冕玫,2023-09-26,-.09,.1
101,冕玫,2023-09-27,-.11,.12
101,冕玫,2023-09-28,-.1,.12
101,冕玫,2023-09-29,-.38,.11
101,冕玫,2023-09-30,-.46,.13
101,冕玫,2023-10-01,-.41,.13
101,冕玫,2023-10-02,-.38,.12
101,冕玫,2023-10-03,-.35,.12
101,冕玫,2023-10-04,-.51,.11
101,冕玫,2023-10-05,-.57,0
101,冕玫,2023-10-06,-.56,0
101,冕玫,2023-10-07,-.55,0
101,冕玫,2023-10-08,-.5,0
101,冕玫,2023-10-09,-.49,.02
101,冕玫,2023-10-10,-.5,.02
101,冕玫,2023-10-11,-.63,0
101,冕玫,2023-10-12,-.6,0
101,冕玫,2023-10-13,-.86,.01
101,冕玫,2023-10-14,-1.02,.02
101,冕玫,2023-10-15,-.99,.01
101,冕玫,2023-10-16,-.94,.01
101,冕玫,2023-10-17,-.9,.01
101,冕玫,2023-10-18,-.9,0
101,冕玫,2023-10-19,-.85,.01
101,冕玫,2023-10-20,-.83,.02
101,冕玫,2023-10-21,-.82,.02
101,冕玫,2023-10-22,-.79,.02
101,冕玫,2023-10-24,-.78,.04
101,冕玫,2023-10-25,-.67,.04
101,冕玫,2023-10-26,-.64,.08
101,冕玫,2023-10-27,-.54,.08
101,冕玫,2023-10-28,-.49,.08
101,冕玫,2023-10-29,-.45,.01
101,冕玫,2023-10-30,-.43,.02
101,冕玫,2023-10-31,-.4,.01
101,冕玫,2023-11-01,-.35,.02
101,冕玫,2023-11-02,-.31,.02
101,冕玫,2023-11-03,-.2,.06
101,冕玫,2023-11-04,0,0
101,冕玫,2023-11-05,-.09,-.04
101,冕玫,2023-11-06,.2,.04
101,冕玫,2023-11-07,.26,.06
101,冕玫,2023-11-08,.3,.05
101,冕玫,2023-11-09,.36,.07
101,冕玫,2023-11-10,.13,.07
101,冕玫,2023-11-11,.11,.08
101,冕玫,2023-11-12,.13,.09
101,冕玫,2023-11-13,.18,.12
101,冕玫,2023-11-14,.22,.12
101,冕玫,2023-11-15,.29,.12
101,冕玫,2023-11-16,.35,.15
101,冕玫,2023-11-17,.38,.16
101,冕玫,2023-11-18,.4,.17
101,冕玫,2023-11-19,.44,.17
101,冕玫,2023-11-20,.52,.18
101,冕玫,2023-11-21,.59,.18
101,冕玫,2023-11-22,.6,.18
101,冕玫,2023-11-23,.24,.19
101,冕玫,2023-11-24,.13,.19
101,冕玫,2023-11-25,.17,.2
101,冕玫,2023-11-26,.21,.2
101,冕玫,2023-11-27,.33,.17
101,冕玫,2023-11-28,.35,.1
101,冕玫,2023-11-29,.2,.08
101,冕玫,2023-11-30,.19,.09
101,冕玫,2023-12-01,.32,.1
101,冕玫,2023-12-02,.44,.11
101,冕玫,2023-12-03,.48,.12
101,冕玫,2023-12-04,.52,.12
101,冕玫,2023-12-05,.63,.12
101,冕玫,2023-12-06,.74,.15
101,冕玫,2023-12-07,.77,.15
101,冕玫,2023-12-08,.78,.15
101,冕玫,2023-12-09,.82,.06
101,冕玫,2023-12-10,1,.04
101,冕玫,2023-12-11,1.24,.02
101,冕玫,2023-12-12,1.28,.02
101,冕玫,2023-12-13,1.07,.03
101,冕玫,2023-12-14,1.31,.1
101,冕玫,2023-12-15,1.6,.22
101,冕玫,2023-12-16,1.44,.23
101,冕玫,2023-12-17,1.3,.24
101,冕玫,2023-12-18,1.4,.26
101,冕玫,2023-12-19,1.53,.27
101,冕玫,2023-12-20,1.47,.28
101,冕玫,2023-12-21,1.57,.22
101,冕玫,2023-12-22,1.54,.23
101,冕玫,2023-12-23,1.55,.25
101,冕玫,2023-12-24,1.66,.27
101,冕玫,2023-12-25,1.62,.31
101,冕玫,2023-12-26,1.46,.16
101,冕玫,2023-12-27,1.43,.13
101,冕玫,2023-12-28,1.42,.14
101,冕玫,2023-12-29,1.47,-.11
101,冕玫,2023-12-30,1.56,-.16
101,冕玫,2023-12-31,1.62,-.14
101,冕玫,2024-01-01,1.65,-.09
101,冕玫,2024-01-02,1.69,-.04
101,冕玫,2024-01-03,1.8,0
101,冕玫,2024-01-04,1.77,-.16
101,冕玫,2024-01-05,1.82,-.21
101,冕玫,2024-01-06,1.89,-.2
101,冕玫,2024-01-07,1.85,-.18
101,冕玫,2024-01-08,1.82,-.13
101,冕玫,2024-01-09,1.76,-.14
101,冕玫,2024-01-10,1.79,-.13
101,冕玫,2024-01-11,1.84,-.23
101,冕玫,2024-01-12,1.96,-.19
101,冕玫,2024-01-13,1.96,-.42
101,冕玫,2024-01-14,2.01,-.56
101,冕玫,2024-01-15,2.04,-.51
101,冕玫,2024-01-16,2.05,-.46
101,冕玫,2024-01-17,2.16,-.4
101,冕玫,2024-01-18,2.12,-.39
101,冕玫,2024-01-19,2.11,-.36
101,冕玫,2024-01-20,2.09,-.33
101,冕玫,2024-01-21,2.07,-.3
101,冕玫,2024-01-22,2.18,-.27
101,冕玫,2024-01-23,2.2,-.28
101,冕玫,2024-01-24,2.24,-.26
101,冕玫,2024-01-25,2.27,-.17
101,冕玫,2024-01-26,2.06,-.2
101,冕玫,2024-01-27,2.13,-.1
101,冕玫,2024-01-28,2.13,-.05
101,冕玫,2024-01-29,2.13,-.02
101,冕玫,2024-01-30,2.13,0
101,冕玫,2024-01-31,2.19,.03
101,冕玫,2024-02-01,2.13,.08
101,冕玫,2024-02-02,2.08,.14
101,冕玫,2024-02-03,1.94,.21
101,冕玫,2024-02-04,1.99,.25
101,冕玫,2024-02-05,1.93,.29
101,冕玫,2024-02-06,.99,.34
101,冕玫,2024-02-07,1.05,.41
101,冕玫,2024-02-08,1.16,.47
101,冕玫,2024-02-09,1.11,.52
101,冕玫,2024-02-10,1.1,.3
101,冕玫,2024-02-11,1.14,.29
101,冕玫,2024-02-12,1.17,.31
101,冕玫,2024-02-13,1.18,.36
101,冕玫,2024-02-14,1.2,.4
101,冕玫,2024-02-15,1.5,.54
101,冕玫,2024-02-16,1.31,.57
101,冕玫,2024-02-17,1.35,.6
101,冕玫,2024-02-18,1.46,.65
101,冕玫,2024-02-19,1.87,.8
101,冕玫,2024-02-20,1.88,.91
101,冕玫,2024-02-21,1.99,1.01
101,冕玫,2024-02-22,1.95,1.01
101,冕玫,2024-02-23,1.93,.71
101,冕玫,2024-02-24,1.98,.66
101,冕玫,2024-02-25,2.02,.74
101,冕玫,2024-02-26,2.05,.77
101,冕玫,2024-02-27,1.89,.85
101,冕玫,2024-02-28,1.83,.88
101,冕玫,2024-03-02,1.82,1.03
101,冕玫,2024-03-03,1.73,1.07
101,冕玫,2024-03-04,1.74,1.14
101,冕玫,2024-03-05,1.75,1.23
101,冕玫,2024-03-06,1.7,1.28
101,冕玫,2024-03-07,1.71,1.32
101,冕玫,2024-03-08,1.73,1.34
101,冕玫,2024-03-09,1.7,1.37
101,冕玫,2024-03-10,1.7,1.57
101,冕玫,2024-03-11,1.5,1.72
101,冕玫,2024-03-12,1.5,1.74
101,冕玫,2024-03-13,1.51,1.57
101,冕玫,2024-03-14,1.22,1.62
101,冕玫,2024-03-15,.41,1.57
101,冕玫,2024-03-16,.37,1.41
101,冕玫,2024-03-17,.37,1.25
101,冕玫,2024-03-18,.35,1.32
101,冕玫,2024-03-19,.4,1.41
101,冕玫,2024-03-20,.44,1.35
101,冕玫,2024-03-21,.44,1.43
101,冕玫,2024-03-22,.87,1.64
101,冕玫,2024-03-23,.91,1.64
101,冕玫,2024-03-24,.89,1.7
101,冕玫,2024-03-25,.95,1.7
101,冕玫,2024-03-26,1.21,1.71
101,冕玫,2024-03-27,1.19,1.68
101,冕玫,2024-03-28,1.18,1.67
101,冕玫,2024-03-29,1.18,1.69
101,冕玫,2024-03-30,.9,1.65
101,冕玫,2024-03-31,.77,1.62
101,冕玫,2024-04-01,.76,1.64
101,冕玫,2024-04-02,.74,1.65
101,冕玫,2024-04-03,.66,1.64
101,冕玫,2024-04-04,.65,1.63
101,冕玫,2024-04-05,.58,1.67
101,冕玫,2024-04-06,.51,1.67
101,冕玫,2024-04-07,.5,1.65
101,冕玫,2024-04-08,.49,1.63
101,冕玫,2024-04-09,.41,1.57
101,冕玫,2024-04-10,.36,1.57
101,冕玫,2024-04-11,.33,1.6
101,冕玫,2024-04-12,.24,1.55
101,冕玫,2024-04-13,.21,1.52
101,冕玫,2024-04-14,.11,1.45
101,冕玫,2024-04-15,.5,1.67
101,冕玫,2024-04-16,.48,1.63
101,冕玫,2024-04-17,.35,1.62
101,冕玫,2024-04-18,.3,1.6
101,冕玫,2024-04-20,.29,1.58
101,冕玫,2024-04-21,.24,1.54
101,冕玫,2024-04-22,.19,1.56
101,冕玫,2024-04-23,.16,1.52
101,冕玫,2024-04-24,.26,1.54
101,冕玫,2024-04-25,.23,1.51
101,冕玫,2024-04-26,.15,1.37
101,冕玫,2024-04-27,.13,1.39
101,冕玫,2024-04-28,.08,1.36
101,冕玫,2024-04-29,.01,1.3
101,冕玫,2024-04-30,-.02,1.29
101,冕玫,2024-05-01,-.02,1.26
101,冕玫,2024-05-02,-.04,1.19
101,冕玫,2024-05-03,-.08,1.06
101,冕玫,2024-05-04,-.08,1.07
101,冕玫,2024-05-05,.43,1.39
101,冕玫,2024-05-06,.49,.84
101,冕玫,2024-05-07,.42,.82
101,冕玫,2024-05-08,.4,.85
101,冕玫,2024-05-09,.36,.78
101,冕玫,2024-05-10,.34,.76
101,冕玫,2024-05-11,.6,.99
101,冕玫,2024-05-12,.56,.98
101,冕玫,2024-05-13,.43,.85
101,冕玫,2024-05-14,.38,.81
101,冕玫,2024-05-15,.67,1.21
101,冕玫,2024-05-16,.62,1.08
101,冕玫,2024-05-17,.58,1.03
101,冕玫,2024-05-18,.44,.98
101,冕玫,2024-05-19,.19,1
101,冕玫,2024-05-20,.15,1
101,冕玫,2024-05-21,.06,.99
101,冕玫,2024-05-22,.05,1
101,冕玫,2024-05-23,.04,.99
101,冕玫,2024-05-24,-.01,.94
101,冕玫,2024-05-25,-.08,.91
101,冕玫,2024-05-26,-.02,.97
101,冕玫,2024-05-27,-.03,.91
101,冕玫,2024-05-28,-.03,.88
101,冕玫,2024-05-29,-.04,.92
101,冕玫,2024-05-30,-.06,.89
101,冕玫,2024-05-31,-.09,.86
101,冕玫,2024-06-01,-.1,.85
101,冕玫,2024-06-02,-.14,.78
101,冕玫,2024-06-03,-.14,.76
101,冕玫,2024-06-04,-.14,.77
101,冕玫,2024-06-05,-.15,.75
101,冕玫,2024-06-06,-.17,.69
101,冕玫,2024-06-07,-.2,.68
101,冕玫,2024-06-08,-.22,.66
101,冕玫,2024-06-09,-.22,.63
101,冕玫,2024-06-10,-.24,.6
101,冕玫,2024-06-11,-.27,.43
101,冕玫,2024-06-12,-.31,.4
101,冕玫,2024-06-13,-.32,.38
101,冕玫,2024-06-14,-.09,.38
101,冕玫,2024-06-15,-.07,.01
101,冕玫,2024-06-16,-.08,-.01
101,冕玫,2024-06-17,-.11,-.04
101,冕玫,2024-06-18,-.19,-.11
101,冕玫,2024-06-19,-.25,-.14
101,冕玫,2024-06-20,-.29,-.17
101,冕玫,2024-06-21,-.34,-.21
101,冕玫,2024-06-22,-.39,-.07
101,冕玫,2024-06-23,-.42,-.08
101,冕玫,2024-06-24,-.46,-.12
101,冕玫,2024-06-25,-.61,-.21
101,冕玫,2024-06-26,-.83,-.31
101,冕玫,2024-06-27,-.87,-.37
101,冕玫,2024-06-28,-.91,-.39
101,冕玫,2024-06-29,-.66,-.21
101,冕玫,2024-06-30,-.02,.16
101,冕玫,2024-07-01,-.11,.07
101,冕玫,2024-07-02,.05,.21
101,冕玫,2024-07-03,.03,.17
101,冕玫,2024-07-04,.03,.16
101,冕玫,2024-07-05,.07,.16
101,冕玫,2024-07-06,.09,.17
101,冕玫,2024-07-07,.1,.17
101,冕玫,2024-07-08,.24,.3
101,冕玫,2024-07-09,.14,.19
101,冕玫,2024-07-10,.09,.13
101,冕玫,2024-07-11,.02,.06
101,冕玫,2024-07-12,-.04,-.02
101,冕玫,2024-07-13,-.1,-.09
101,冕玫,2024-07-14,-.16,-.17
101,冕玫,2024-07-15,-.35,-.26
101,冕玫,2024-07-16,-.28,-.2
101,冕玫,2024-07-17,.1,.13
101,冕玫,2024-07-18,.46,.46
101,冕玫,2024-07-19,.44,.43
101,冕玫,2024-07-20,.47,.47
101,冕玫,2024-07-21,.46,.45
101,冕玫,2024-07-22,.43,.41
101,冕玫,2024-07-23,.49,.46
101,冕玫,2024-07-24,.6,.59
101,冕玫,2024-07-25,.59,.57
101,冕玫,2024-07-26,.57,.53
101,冕玫,2024-07-27,.48,.44
101,冕玫,2024-07-28,.58,.53
101,冕玫,2024-07-29,.57,.51
101,冕玫,2024-07-30,.56,.49
101,冕玫,2024-07-31,.54,.47
101,冕玫,2024-08-01,.49,.42
101,冕玫,2024-08-02,.45,.38
101,冕玫,2024-08-03,.4,.32
101,冕玫,2024-08-04,.36,.29
101,冕玫,2024-08-05,.27,.31
101,冕玫,2024-08-06,.25,.31
101,冕玫,2024-08-07,.21,.26
101,冕玫,2024-08-08,.18,.22
101,冕玫,2024-08-09,.14,.18
101,冕玫,2024-08-10,.12,.16
101,冕玫,2024-08-11,.03,.14
101,冕玫,2024-08-12,.02,.11
101,冕玫,2024-08-13,.02,.08
101,冕玫,2024-08-14,0,.05
101,冕玫,2024-08-15,-.19,-.04
101,冕玫,2024-08-16,-.2,-.06
101,冕玫,2024-08-17,-.2,-.08
101,冕玫,2024-08-18,-.2,-.12
101,冕玫,2024-08-19,-.22,-.22
101,冕玫,2024-08-20,-.26,-.28
101,冕玫,2024-08-21,-.11,-.16
101,冕玫,2024-08-22,-.12,-.17
101,冕玫,2024-08-23,-.17,-.22
101,冕玫,2024-08-24,-.2,-.27
101,冕玫,2024-08-25,-.22,-.31
101,冕玫,2024-08-26,-.25,-.33
101,冕玫,2024-08-27,-.3,-.38
101,冕玫,2024-08-28,-.34,-.41
101,冕玫,2024-08-29,-.39,-.46
101,冕玫,2024-08-30,-.4,-.48
101,冕玫,2024-08-31,-.42,-.5
101,冕玫,2024-09-01,-.45,-.53
101,冕玫,2024-09-02,-.48,-.57
101,冕玫,2024-09-03,-.5,-.6
101,冕玫,2024-09-04,-.51,-.62
101,冕玫,2024-09-05,-.53,-.64
101,冕玫,2024-09-06,-.55,-.65
101,冕玫,2024-09-07,-.55,-.65
101,冕玫,2024-09-08,-.62,-.66
101,冕玫,2024-09-09,-.62,-.66
101,冕玫,2024-09-10,-.63,-.68
101,冕玫,2024-09-11,-.63,-.69
101,冕玫,2024-09-12,-.53,-.6
101,冕玫,2024-09-13,-.49,-.57
101,冕玫,2024-09-14,-.4,-.48
101,冕玫,2024-09-15,-.42,-.49
101,冕玫,2024-09-16,-.4,-.48
101,冕玫,2024-09-17,-.41,-.51
101,冕玫,2024-09-18,-.34,-.44
101,冕玫,2024-09-19,-.34,-.46
101,冕玫,2024-09-20,-.2,-.34
101,冕玫,2024-09-21,.05,-.09
101,冕玫,2024-09-22,.01,-.16
101,冕玫,2024-09-23,.01,-.16
101,冕玫,2024-09-24,.01,-.17
101,冕玫,2024-09-25,.05,-.18
101,冕玫,2024-09-26,.1,-.21
101,冕玫,2024-09-27,.12,-.21
101,冕玫,2024-09-28,.13,-.22
101,冕玫,2024-09-29,.06,-.22
101,冕玫,2024-09-30,-.17,-.21
101,冕玫,2024-10-01,-.12,-.22
101,冕玫,2024-10-02,-.21,-.22
101,冕玫,2024-10-03,-.21,-.22
101,冕玫,2024-10-04,-.21,-.23
101,冕玫,2024-10-05,-.2,-.22
101,冕玫,2024-10-06,-.21,-.21
101,冕玫,2024-10-07,-.22,-.21
101,冕玫,2024-10-08,-.3,-.21
101,冕玫,2024-10-09,-.24,-.21
101,冕玫,2024-10-10,-.21,-.21
101,冕玫,2024-10-11,-.18,-.21
101,冕玫,2024-10-12,-.12,-.21
101,冕玫,2024-10-13,-.05,-.2
101,冕玫,2024-10-14,.01,-.19
101,冕玫,2024-10-15,.08,-.25
101,冕玫,2024-10-16,.03,-.25
101,冕玫,2024-10-17,-.28,-.25
101,冕玫,2024-10-18,-.51,-.13
101,冕玫,2024-10-19,-.48,-.12
101,冕玫,2024-10-20,-.55,-.13
101,冕玫,2024-10-21,-.55,-.13
101,冕玫,2024-10-22,-.37,-.03
101,冕玫,2024-10-23,-.41,-.02
101,冕玫,2024-10-24,-.59,-.04
101,冕玫,2024-10-25,-.56,-.03
101,冕玫,2024-10-26,-.65,-.02
101,冕玫,2024-10-27,-.63,-.03
101,冕玫,2024-10-28,-.58,-.02
101,冕玫,2024-10-29,-.54,-.01
101,冕玫,2024-10-30,-.51,-.01
101,冕玫,2024-10-31,-.49,-.01
101,冕玫,2024-11-01,-.44,0
101,冕玫,2024-11-02,-.4,0
101,冕玫,2024-11-03,-.33,0
101,冕玫,2024-11-04,-.28,0
101,冕玫,2024-11-05,-.35,-.11
101,冕玫,2024-11-06,-.38,-.13
101,冕玫,2024-11-07,-.32,-.13
101,冕玫,2024-11-08,-.31,-.14
101,冕玫,2024-11-09,-.27,-.13
101,冕玫,2024-11-10,-.24,-.13
101,冕玫,2024-11-11,-.21,-.2
101,冕玫,2024-11-12,-.16,-.19
101,冕玫,2024-11-13,-.11,-.16
101,冕玫,2024-11-14,-.07,-.15
101,冕玫,2024-11-15,0,-.28
101,冕玫,2024-11-16,.02,-.26
101,冕玫,2024-11-17,.06,-.26
101,冕玫,2024-11-18,.08,-.25
101,冕玫,2024-11-19,.12,-.24
101,冕玫,2024-11-20,.18,-.24
101,冕玫,2024-11-21,-.06,-.24
101,冕玫,2024-11-22,-.04,-.24
101,冕玫,2024-11-23,.03,-.24
101,冕玫,2024-11-24,.1,-.24
101,冕玫,2024-11-25,.46,-.15
101,冕玫,2024-11-26,.35,-.17
101,冕玫,2024-11-27,.46,-.15
101,冕玫,2024-11-28,.52,-.14
101,冕玫,2024-11-29,.61,-.15
101,冕玫,2024-11-30,.72,-.14
101,冕玫,2024-12-01,.86,-.13
101,冕玫,2024-12-02,.95,-.12
101,冕玫,2024-12-03,1,-.11
101,冕玫,2024-12-04,1.05,-.11
101,冕玫,2024-12-05,1.17,-.11
101,冕玫,2024-12-06,1.2,-.11
101,冕玫,2024-12-07,1.23,-.1
101,冕玫,2024-12-08,1.25,-.17
101,冕玫,2024-12-09,1.29,-.16
101,冕玫,2024-12-10,1.51,-.15
101,冕玫,2024-12-11,1.59,-.14
101,冕玫,2024-12-12,1.39,-.14
101,冕玫,2024-12-13,1.39,-.13
101,冕玫,2024-12-14,1.18,-.12
101,冕玫,2024-12-15,1.2,-.13
101,冕玫,2024-12-16,1.17,-.13
101,冕玫,2024-12-17,1.31,-.12
101,冕玫,2024-12-18,1.2,-.1
101,冕玫,2024-12-19,1.31,-.09
101,冕玫,2024-12-20,.88,-.08
101,冕玫,2024-12-21,-.41,-.05
101,冕玫,2024-12-22,-.4,-.1
101,冕玫,2024-12-23,-.41,-.11
101,冕玫,2024-12-24,-.36,-.09
101,冕玫,2024-12-25,-.35,-.05
101,冕玫,2024-12-26,-.41,0
101,冕玫,2024-12-27,-.39,.01
101,冕玫,2024-12-28,-.37,.02
101,冕玫,2024-12-29,-.33,-.04
101,冕玫,2024-12-30,-.3,-.29
101,冕玫,2024-12-31,-.31,-.3
101,冕玫,2025-01-01,-.3,-.24
101,冕玫,2025-01-02,-.25,-.34
101,冕玫,2025-01-03,-.16,-.32
101,冕玫,2025-01-04,-.14,-.31
101,冕玫,2025-01-05,0,-.27
101,冕玫,2025-01-06,.11,-.26
101,冕玫,2025-01-07,.09,-.27
101,冕玫,2025-01-08,.08,-.36
101,冕玫,2025-01-09,.1,-.29
101,冕玫,2025-01-10,.14,-.25
101,冕玫,2025-01-11,.18,-.21
101,冕玫,2025-01-12,.23,-.13
101,冕玫,2025-01-13,.22,-.06
101,冕玫,2025-01-14,.24,0
101,冕玫,2025-01-15,.23,.08
101,冕玫,2025-01-16,.25,.03
101,冕玫,2025-01-17,.25,-.29
101,冕玫,2025-01-18,-.58,-.68
101,冕玫,2025-01-19,-.61,-.65
101,冕玫,2025-01-20,-.6,-.73
101,冕玫,2025-01-21,-.57,-.73
101,冕玫,2025-01-22,-1.6,-.69
101,冕玫,2025-01-23,-1.63,-.74
101,冕玫,2025-01-24,-1.64,-.94
101,冕玫,2025-01-25,-1.62,-.89
101,冕玫,2025-01-26,-1.57,-1
101,冕玫,2025-01-27,-1.29,-.92
101,冕玫,2025-01-28,-1.19,-.86
101,冕玫,2025-01-29,-1.18,-.82
101,冕玫,2025-01-30,-1.15,-.79
101,冕玫,2025-01-31,-1.12,-.76
101,冕玫,2025-02-01,-1.11,-.72
101,冕玫,2025-02-02,-1.02,-.67
101,冕玫,2025-02-03,-1.02,-.6
101,冕玫,2025-02-04,-1.13,-.55
101,冕玫,2025-02-05,-1.09,-.62
101,冕玫,2025-02-06,-1.05,-.64
101,冕玫,2025-02-07,-1.03,-.57
101,冕玫,2025-02-08,-.93,-.53
101,冕玫,2025-02-09,-.88,-.49
101,冕玫,2025-02-10,-.86,-.45
101,冕玫,2025-02-11,-.85,-.42
101,冕玫,2025-02-12,-.76,-.36
101,冕玫,2025-02-13,-.74,-.3
101,冕玫,2025-02-14,-.75,-.26
101,冕玫,2025-02-15,-.75,-.19
101,冕玫,2025-02-16,-.74,-.16
101,冕玫,2025-02-17,-.72,-.12
101,冕玫,2025-02-18,-.67,-.09
101,冕玫,2025-02-19,-.61,-.04
101,冕玫,2025-02-20,-.57,.01
101,冕玫,2025-02-21,-.59,-.25
101,冕玫,2025-02-22,-.6,-.23
101,冕玫,2025-02-23,-.59,-.16
101,冕玫,2025-02-24,-.55,-.09
101,冕玫,2025-02-25,-.54,-.03
101,冕玫,2025-02-26,-1.46,0
101,冕玫,2025-02-27,-1.55,.09
101,冕玫,2025-02-28,-1.42,.31
101,冕玫,2025-03-01,-1.48,.41
101,冕玫,2025-03-02,-1.17,.55
101,冕玫,2025-03-03,-.82,.65
101,冕玫,2025-03-04,-.62,.74
101,冕玫,2025-03-05,-.68,.82
101,冕玫,2025-03-06,-.72,.85
101,冕玫,2025-03-07,-.71,.88
101,冕玫,2025-03-08,-.71,.9
101,冕玫,2025-03-09,-.75,.92
101,冕玫,2025-03-10,-.73,1.08
101,冕玫,2025-03-11,-.77,1.2
101,冕玫,2025-03-12,-.78,.99
101,冕玫,2025-03-13,-.86,.93
101,冕玫,2025-03-14,-.87,.71
101,冕玫,2025-03-15,-.86,.75
101,冕玫,2025-03-16,-.6,.78
101,冕玫,2025-03-17,-.62,.89
101,冕玫,2025-03-18,-.47,.81
101,冕玫,2025-03-19,-.49,.85
101,冕玫,2025-03-20,-.52,.41
101,冕玫,2025-03-21,-.59,-.74
101,冕玫,2025-03-22,-.57,-.74
101,冕玫,2025-03-23,-.64,-.76
101,冕玫,2025-03-24,-.68,-.74
101,冕玫,2025-03-25,-.71,-.75
101,冕玫,2025-03-26,-.81,-.83
101,冕玫,2025-03-27,-.82,-.82
101,冕玫,2025-03-28,-.78,-.78
101,冕玫,2025-03-29,-.78,-.74
101,冕玫,2025-03-30,-.78,-.75
101,冕玫,2025-03-31,-.83,-.77
101,冕玫,2025-04-01,-.84,-.77
101,冕玫,2025-04-02,-.86,-.74
101,冕玫,2025-04-03,-.87,-.67
101,冕玫,2025-04-04,-.88,-.67
101,冕玫,2025-04-05,-.63,-.44
101,冕玫,2025-04-06,-.82,-.45
101,冕玫,2025-04-07,-.82,-.48
101,冕玫,2025-04-08,-.81,-.48
101,冕玫,2025-04-09,-.86,-.5
101,冕玫,2025-04-10,-.92,-.5
101,冕玫,2025-04-11,-.95,-.5
101,冕玫,2025-04-12,-.76,-.36
101,冕玫,2025-04-13,-.54,-.27
101,冕玫,2025-04-14,-.46,-.21
101,冕玫,2025-04-15,-.5,-.24
101,冕玫,2025-04-16,-.51,-.23
101,冕玫,2025-04-17,-.54,-.25
101,冕玫,2025-04-18,-.61,-.86
101,冕玫,2025-04-19,-.51,-.81
101,冕玫,2025-04-20,-.53,-.84
101,冕玫,2025-04-21,-.58,-.86
101,冕玫,2025-04-22,.25,-.73
101,冕玫,2025-04-23,.2,-.75
101,冕玫,2025-04-24,.16,-.75
101,冕玫,2025-04-25,.13,-.75
101,冕玫,2025-04-26,.05,-.83
101,冕玫,2025-04-27,-.1,-.85
101,冕玫,2025-04-28,-.15,-.84
101,冕玫,2025-04-29,-.22,-.89
101,冕玫,2025-04-30,-.28,-.9
101,冕玫,2025-05-01,.01,-.62
101,冕玫,2025-05-02,0,-.58
101,冕玫,2025-05-03,.09,-.48
101,冕玫,2025-05-04,.09,-.52
101,冕玫,2025-05-05,.04,-.55
101,冕玫,2025-05-06,-.04,-.59
101,冕玫,2025-05-07,-.15,-.67
101,冕玫,2025-05-22,.03,-.31
101,冕玫,2025-05-23,.04,-.29
101,冕玫,2025-05-24,.03,-.27
101,冕玫,2025-05-25,0,-.32
101,冕玫,2025-05-26,-.02,-.62
101,冕玫,2025-06-03,-.21,-.68
101,冕玫,2025-06-04,-.28,-.67
101,冕玫,2025-06-05,-.3,-.69
101,冕玫,2025-06-06,-.32,-.73
101,冕玫,2025-06-07,-.35,-.75
101,冕玫,2025-06-08,-.38,-.77
101,冕玫,2025-06-09,-.37,-.79
101,冕玫,2025-06-10,-.39,-.84
101,冕玫,2025-06-11,-.42,-.85
101,冕玫,2025-06-12,-.47,-.87
101,冕玫,2025-06-13,-.47,-.88
101,冕玫,2025-06-14,-.48,-.89
101,冕玫,2025-06-15,-.5,-.89
101,冕玫,2025-06-16,-.14,-.47
101,冕玫,2025-06-17,-.17,-.52
101,冕玫,2025-06-18,-.33,-.6
101,冕玫,2025-06-19,-.35,-.61
101,冕玫,2025-06-20,.42,.15
101,冕玫,2025-06-21,.36,.08
101,冕玫,2025-06-22,.33,.06
101,冕玫,2025-06-23,.28,0
101,冕玫,2025-06-24,.24,-.04
101,冕玫,2025-06-25,.18,-.09
101,冕玫,2025-06-26,.08,-.19
101,冕玫,2025-06-27,.02,-.24
101,冕玫,2025-06-28,.13,-.13
101,冕玫,2025-06-29,.03,-.21
101,冕玫,2025-06-30,-.05,-.3
101,冕玫,2025-07-01,-.12,-.37
101,冕玫,2025-07-02,-.24,-.48
101,冕玫,2025-07-03,-.29,-.56
101,冕玫,2025-07-04,-.31,-.57
101,冕玫,2025-07-05,-.48,-.64
101,冕玫,2025-07-06,-.48,-.69
101,冕玫,2025-07-07,-.51,-.7
101,冕玫,2025-07-08,-.59,-.77
101,冕玫,2025-07-09,-.67,-.86
101,冕玫,2025-07-10,-.74,-.94
101,冕玫,2025-07-11,-.81,-1
101,冕玫,2025-07-12,-.9,-1.04
101,冕玫,2025-07-13,-.97,-1.07
101,冕玫,2025-07-14,-.9,-.99
101,冕玫,2025-07-15,-.77,-.88
101,冕玫,2025-07-16,-.5,-.63
101,冕玫,2025-07-17,-.3,-.44
101,冕玫,2025-07-18,-.21,-.36
101,冕玫,2025-07-19,-.15,-.28
101,冕玫,2025-07-20,.26,.11
101,冕玫,2025-07-21,.23,.07
101,冕玫,2025-07-22,0,.02
101,冕玫,2025-07-23,-.04,-.03
101,冕玫,2025-07-24,-.08,-.08
101,冕玫,2025-07-25,-.15,-.15
101,冕玫,2025-07-26,-.19,-.2
101,冕玫,2025-07-27,-.24,-.28
101,冕玫,2025-07-28,-.27,-.32
101,冕玫,2025-07-29,-.28,-.35
101,冕玫,2025-07-30,-.29,-.37
101,冕玫,2025-07-31,-.33,-.41
101,冕玫,2025-08-01,-.45,-.46
101,冕玫,2025-08-02,-.49,-.5
101,冕玫,2025-08-03,-.57,-.55
101,冕玫,2025-08-04,-.58,-.56
101,冕玫,2025-08-05,-.61,-.6
101,冕玫,2025-08-06,-.29,-.32
101,冕玫,2025-08-07,-.32,-.38
101,冕玫,2025-08-08,-.34,-.41
101,冕玫,2025-08-09,-.47,-.44
101,冕玫,2025-08-10,-.54,-.47
101,冕玫,2025-08-11,-.54,-.49
101,冕玫,2025-08-12,-.54,-.53
101,冕玫,2025-08-13,-.25,-.3
101,冕玫,2025-08-14,-.1,-.17
101,冕玫,2025-08-15,-.15,-.21
101,冕玫,2025-08-16,-.23,-.23
101,冕玫,2025-08-17,-.24,-.25
101,冕玫,2025-08-18,-.23,-.26
101,冕玫,2025-08-19,-.24,-.29
101,冕玫,2025-08-20,-.26,-.31
101,冕玫,2025-08-21,-.32,-.37
101,冕玫,2025-08-22,-.32,-.38
101,冕玫,2025-08-23,-.37,-.42
101,冕玫,2025-08-24,-.41,-.46
101,冕玫,2025-08-25,-.43,-.5
101,冕玫,2025-08-26,-.25,-.33
101,冕玫,2025-08-27,-.3,-.39
101,冕玫,2025-08-28,-.36,-.42
101,冕玫,2025-08-29,-.42,-.46
101,冕玫,2025-08-30,-.41,-.46
101,冕玫,2025-08-31,-.4,-.46
101,冕玫,2025-09-01,-.22,-.28
101,冕玫,2025-09-02,-.25,-.35
101,冕玫,2025-09-03,-.27,-.4
101,冕玫,2025-09-04,-.17,-.32
101,冕玫,2025-09-05,-.19,-.34
101,冕玫,2025-09-06,-.03,-.18
101,冕玫,2025-09-07,-.02,-.17
101,冕玫,2025-09-08,-.01,-.18
101,冕玫,2025-09-09,-.01,-.18
101,冕玫,2025-09-10,-.03,-.21
101,冕玫,2025-09-11,-.05,-.23
101,冕玫,2025-09-12,-.02,-.21
101,冕玫,2025-09-13,.19,0
101,冕玫,2025-09-14,.18,0
101,冕玫,2025-09-15,.18,-.01
101,冕玫,2025-09-16,.11,.01
101,冕玫,2025-09-17,.3,.19
101,冕玫,2025-09-18,.3,.16
101,冕玫,2025-09-19,.34,.19
101,冕玫,2025-09-20,.24,.3
101,冕玫,2025-09-21,.24,.28
101,冕玫,2025-09-22,.25,.29
101,冕玫,2025-09-23,.27,.29
101,冕玫,2025-09-24,.32,.32
101,冕玫,2025-09-25,.34,.32
101,冕玫,2025-09-26,.38,.33
101,冕玫,2025-09-27,.39,.32
101,冕玫,2025-09-28,.46,.42
101,冕玫,2025-09-29,.49,.41
101,冕玫,2025-09-30,.54,.41
101,冕玫,2025-10-01,.57,.41
101,冕玫,2025-10-02,.62,.4
101,冕玫,2025-10-03,.64,.39
101,冕玫,2025-10-04,.65,.39
101,冕玫,2025-10-05,.68,.35
101,冕玫,2025-10-06,.77,.43
101,冕玫,2025-10-07,.83,.47
101,冕玫,2025-10-08,.87,.47
101,冕玫,2025-10-09,.92,.47
101,冕玫,2025-10-10,1.08,.58
101,冕玫,2025-10-11,1.22,.68
101,冕玫,2025-10-12,1.29,.66
101,冕玫,2025-10-13,1.41,.74
101,冕玫,2025-10-14,1.4,.73
101,冕玫,2025-10-15,1.39,.73
101,冕玫,2025-10-16,1.3,.74
101,冕玫,2025-10-17,1.22,.76
101,冕玫,2025-10-18,1.22,.79
101,冕玫,2025-10-19,1.19,.78
101,冕玫,2025-10-20,.9,.78
101,冕玫,2025-10-21,.96,.79
101,冕玫,2025-10-22,1,.69
101,冕玫,2025-10-23,1.02,.69
101,冕玫,2025-10-24,1.07,.7
101,冕玫,2025-10-25,1.1,.7
101,冕玫,2025-10-26,1.14,.71
101,冕玫,2025-10-27,1.2,.71
101,冕玫,2025-10-28,1.22,.71
101,冕玫,2025-10-29,1.23,.73
101,冕玫,2025-10-30,1.25,.74
101,冕玫,2025-10-31,1.27,.73
105,碍釜,2023-01-01,0,0
105,碍釜,2023-01-02,.91,.59
105,碍釜,2023-01-03,.98,.61
105,碍釜,2023-01-04,.28,.66
105,碍釜,2023-01-05,0,.68
105,碍釜,2023-01-06,-.22,.71
105,碍釜,2023-01-07,-.64,.72
105,碍釜,2023-01-08,-.61,.73
105,碍釜,2023-01-09,-.59,.76
105,碍釜,2023-01-10,-.56,.77
105,碍釜,2023-01-11,-.52,.69
105,碍釜,2023-01-12,-.49,.72
105,碍釜,2023-01-13,-.38,.68
105,碍釜,2023-01-14,.03,.84
105,碍釜,2023-01-15,.26,.89
105,碍釜,2023-01-16,.27,.85
105,碍釜,2023-01-17,.28,.86
105,碍釜,2023-01-18,.32,.88
105,碍釜,2023-01-19,.34,.91
105,碍釜,2023-01-20,.35,.91
105,碍釜,2023-01-21,.37,.67
105,碍釜,2023-01-22,.38,.63
105,碍釜,2023-01-23,.17,.6
105,碍釜,2023-01-24,0,.62
105,碍釜,2023-01-25,-.02,.65
105,碍釜,2023-01-26,-.02,.69
105,碍釜,2023-01-27,0,.73
105,碍釜,2023-01-28,-.09,.74
105,碍釜,2023-01-29,-.09,.76
105,碍釜,2023-01-30,-.1,.76
105,碍釜,2023-01-31,-.09,.71
105,碍釜,2023-02-01,-.07,.7
105,碍釜,2023-02-02,0,.72
105,碍釜,2023-02-03,-.01,.76
105,碍釜,2023-02-04,0,.75
105,碍釜,2023-02-05,0,.76
105,碍釜,2023-02-06,.01,.79
105,碍釜,2023-02-07,.02,.83
105,碍釜,2023-02-08,.06,.78
105,碍釜,2023-02-09,.09,.61
105,碍釜,2023-02-10,.13,.43
105,碍釜,2023-02-11,.11,.16
105,碍釜,2023-02-12,.12,.18
105,碍釜,2023-02-13,-.01,.26
105,碍釜,2023-02-14,.01,.28
105,碍釜,2023-02-15,.21,.4
105,碍釜,2023-02-16,.2,.41
105,碍釜,2023-02-17,.18,.43
105,碍釜,2023-02-18,.19,.48
105,碍釜,2023-02-19,.2,.53
105,碍釜,2023-02-20,.2,.55
105,碍釜,2023-02-21,.2,.58
105,碍釜,2023-02-22,.16,.58
105,碍釜,2023-02-23,-.07,.61
105,碍釜,2023-02-24,-.07,.64
105,碍釜,2023-02-25,-.02,.68
105,碍釜,2023-02-26,-.03,.7
105,碍釜,2023-02-27,-.01,.75
105,碍釜,2023-02-28,-.06,.62
105,碍釜,2023-03-01,-.13,.65
105,碍釜,2023-03-02,-.14,.69
105,碍釜,2023-03-03,-.15,.72
105,碍釜,2023-03-04,-.16,.73
105,碍釜,2023-03-05,-.19,.49
105,碍釜,2023-03-06,-.18,.08
105,碍釜,2023-03-07,-.19,.13
105,碍釜,2023-03-08,-.2,.13
105,碍釜,2023-03-09,-.22,.14
105,碍釜,2023-03-10,-.22,.18
105,碍釜,2023-03-11,-.22,.25
105,碍釜,2023-03-12,-.19,.3
105,碍釜,2023-03-13,-.21,.35
105,碍釜,2023-03-14,-.22,.37
105,碍釜,2023-03-15,-.25,.4
105,碍釜,2023-03-16,-.27,.43
105,碍釜,2023-03-17,-.29,.47
105,碍釜,2023-03-18,-.34,.45
105,碍釜,2023-03-19,-.38,.32
105,碍釜,2023-03-20,-.4,.35
105,碍釜,2023-03-21,-.4,.38
105,碍釜,2023-03-22,-.4,.41
105,碍釜,2023-03-23,-.35,.42
105,碍釜,2023-03-24,-.37,.45
105,碍釜,2023-03-25,-.37,.47
105,碍釜,2023-03-26,-.39,.49
105,碍釜,2023-03-27,-.39,.52
105,碍釜,2023-03-28,-.4,.52
105,碍釜,2023-03-29,-.41,.52
105,碍釜,2023-03-30,-.41,.54
105,碍釜,2023-03-31,-.43,.53
105,碍釜,2023-04-01,-.44,.54
105,碍釜,2023-04-02,-.46,.53
105,碍釜,2023-04-03,-.49,.57
105,碍釜,2023-04-04,-.51,-.16
105,碍釜,2023-04-05,-.33,-.34
105,碍釜,2023-04-06,-.38,-.56
105,碍釜,2023-04-07,-.38,-.89
105,碍釜,2023-04-08,-.37,-.86
105,碍釜,2023-04-09,-.4,-.85
105,碍釜,2023-04-10,-.46,-.85
105,碍釜,2023-04-11,-.41,-.79
105,碍釜,2023-04-12,-.42,-.76
105,碍釜,2023-04-13,-.55,-.73
105,碍釜,2023-04-14,-1.28,-.74
105,碍釜,2023-04-15,-1.8,-.71
105,碍釜,2023-04-16,-1.65,-.67
105,碍釜,2023-04-17,-1.58,-.66
105,碍釜,2023-04-18,-1.45,-.56
105,碍釜,2023-04-19,-1.56,-.59
105,碍釜,2023-04-20,-1.58,-.6
105,碍釜,2023-04-21,-1.53,-.56
105,碍釜,2023-04-22,-1.55,-.56
105,碍釜,2023-04-23,-1.55,-.8
105,碍釜,2023-04-24,-1.52,-.98
105,碍釜,2023-04-25,-1.52,-1.02
105,碍釜,2023-04-26,-1.68,-1.07
105,碍釜,2023-04-27,-1.73,-1.1
105,碍釜,2023-04-28,-1.74,-1.21
105,碍釜,2023-04-29,-1.68,-1.23
105,碍釜,2023-04-30,-1.72,-1.23
105,碍釜,2023-05-01,-1.8,-1.21
105,碍釜,2023-05-02,-1.81,-1.16
105,碍釜,2023-05-03,-1.84,-1.17
105,碍釜,2023-05-04,-1.84,-1.17
105,碍釜,2023-05-05,-1.7,-1.1
105,碍釜,2023-05-06,-.6,-.51
105,碍釜,2023-05-07,-.67,-.52
105,碍釜,2023-05-08,-.69,-.5
105,碍釜,2023-05-09,-.68,-.48
105,碍釜,2023-05-11,-.78,-.51
105,碍釜,2023-05-12,-.76,-.51
105,碍釜,2023-05-13,-1.07,-.82
105,碍釜,2023-05-14,-1.11,-.82
105,碍釜,2023-05-15,-1.35,-.75
105,碍釜,2023-05-16,-1.38,-.76
105,碍釜,2023-05-17,-1.37,-.76
105,碍釜,2023-05-18,-1.33,-.77
105,碍釜,2023-05-19,-1.36,-.77
105,碍釜,2023-05-20,-1.37,-.79
105,碍釜,2023-05-21,-1.36,-.8
105,碍釜,2023-05-22,-1.4,-.82
105,碍釜,2023-05-23,-1.36,-1.01
105,碍釜,2023-05-24,-1.29,-1.02
105,碍釜,2023-05-25,-1.34,-1
105,碍釜,2023-05-26,-1.34,-1
105,碍釜,2023-05-27,-1.33,-.97
105,碍釜,2023-05-28,-1.2,-.93
105,碍釜,2023-05-29,-1.08,-.87
105,碍釜,2023-05-30,-1.08,-.87
105,碍釜,2023-05-31,-1.1,-.89
105,碍釜,2023-06-01,-1.12,-.92
105,碍釜,2023-06-02,-1.1,-.92
105,碍釜,2023-06-03,-1.11,-.95
105,碍釜,2023-06-04,-1.11,-.96
105,碍釜,2023-06-05,-1.12,-.97
105,碍釜,2023-06-06,-1.15,-.98
105,碍釜,2023-06-07,-1.18,-1.02
105,碍釜,2023-06-08,-1.24,-1.04
105,碍釜,2023-06-09,-.69,-.72
105,碍釜,2023-06-10,-.54,-.65
105,碍釜,2023-06-11,-.47,-.6
105,碍釜,2023-06-12,-.55,-.62
105,碍釜,2023-06-13,-.56,-.65
105,碍釜,2023-06-14,-.57,-.65
105,碍釜,2023-06-15,-.56,-.66
105,碍釜,2023-06-16,-.55,-.68
105,碍釜,2023-06-17,-.57,-.7
105,碍釜,2023-06-18,-.6,-.72
105,碍釜,2023-06-19,-.67,-.78
105,碍釜,2023-06-20,-.7,-.83
105,碍釜,2023-06-21,-.18,-.47
105,碍釜,2023-06-22,-.16,-.46
105,碍釜,2023-06-23,-.24,-.51
105,碍釜,2023-06-24,-.28,-.55
105,碍釜,2023-06-25,-.35,-.58
105,碍釜,2023-06-26,-.09,-.41
105,碍釜,2023-06-27,-.12,-.42
105,碍釜,2023-06-28,-.12,-.43
105,碍釜,2023-06-29,.16,-.21
105,碍釜,2023-06-30,.15,-.22
105,碍釜,2023-07-01,.08,-.28
105,碍釜,2023-07-02,0,-.35
105,碍釜,2023-07-03,-.01,-.39
105,碍釜,2023-07-04,-.03,-.42
105,碍釜,2023-07-05,-.13,-.41
105,碍釜,2023-07-06,-.16,-.45
105,碍釜,2023-07-07,-.19,-.46
105,碍釜,2023-07-08,-.21,-.48
105,碍釜,2023-07-09,.03,-.28
105,碍釜,2023-07-10,0,-.35
105,碍釜,2023-07-11,-.08,-.38
105,碍釜,2023-07-12,-.09,-.4
105,碍釜,2023-07-13,-.03,-.41
105,碍釜,2023-07-14,0,-.7
105,碍釜,2023-07-15,-.04,-.94
105,碍釜,2023-07-16,-.15,-.98
105,碍釜,2023-07-17,-.15,-.96
105,碍釜,2023-07-18,-.12,-.86
105,碍釜,2023-07-19,-.18,-.96
105,碍釜,2023-07-20,-.18,-.96
105,碍釜,2023-07-21,-.18,-.96
105,碍釜,2023-07-22,-.23,-.99
105,碍釜,2023-07-23,-.25,-1.01
105,碍釜,2023-07-24,-.3,-1.06
105,碍釜,2023-07-25,-.35,-1.08
105,碍釜,2023-07-26,-.37,-1.09
105,碍釜,2023-07-27,-.39,-1.09
105,碍釜,2023-07-28,-.4,-1.09
105,碍釜,2023-07-29,-.37,-1.08
105,碍釜,2023-07-30,-.36,-1.1
105,碍釜,2023-07-31,-.4,-1.13
105,碍釜,2023-08-01,-.4,-1.16
105,碍釜,2023-08-02,-.42,-1.18
105,碍釜,2023-08-03,-.45,-1.18
105,碍釜,2023-08-04,-.47,-1.18
105,碍釜,2023-08-05,-.52,-1.18
105,碍釜,2023-08-06,-.85,-1.02
105,碍釜,2023-08-07,-.58,-.83
105,碍釜,2023-08-08,-.61,-.86
105,碍釜,2023-08-09,-.11,-.42
105,碍釜,2023-08-10,1.29,.83
105,碍釜,2023-08-11,1.27,.82
105,碍釜,2023-08-12,1.25,.8
105,碍釜,2023-08-13,1.29,.72
105,碍釜,2023-08-14,1.26,.69
105,碍釜,2023-08-15,1.18,.57
105,碍釜,2023-08-16,1.15,.55
105,碍釜,2023-08-17,1.11,.52
105,碍釜,2023-08-18,1.05,.47
105,碍釜,2023-08-19,.94,.4
105,碍釜,2023-08-20,1.02,.47
105,碍釜,2023-08-21,.99,.44
105,碍釜,2023-08-22,.98,.43
105,碍釜,2023-08-23,.95,.42
105,碍釜,2023-08-24,1.05,.49
105,碍釜,2023-08-25,1.07,.48
105,碍釜,2023-08-26,1.05,.45
105,碍釜,2023-08-27,.98,.39
105,碍釜,2023-08-28,.94,.4
105,碍釜,2023-08-29,.89,.38
105,碍釜,2023-08-30,.99,.48
105,碍釜,2023-08-31,.78,.32
105,碍釜,2023-09-01,.73,.29
105,碍釜,2023-09-02,.67,.23
105,碍釜,2023-09-03,.63,.2
105,碍釜,2023-09-04,.61,.19
105,碍釜,2023-09-05,.59,.17
105,碍釜,2023-09-06,.54,.13
105,碍釜,2023-09-07,.5,.1
105,碍釜,2023-09-08,.51,.09
105,碍釜,2023-09-09,.37,.09
105,碍釜,2023-09-10,.3,.05
105,碍釜,2023-09-11,.22,0
105,碍釜,2023-09-12,.19,-.04
105,碍釜,2023-09-13,.34,.09
105,碍釜,2023-09-14,.4,.14
105,碍釜,2023-09-15,.37,.12
105,碍釜,2023-09-16,.35,.1
105,碍釜,2023-09-17,.48,.22
105,碍釜,2023-09-18,.46,.21
105,碍釜,2023-09-19,.46,.2
105,碍釜,2023-09-20,.79,.51
105,碍釜,2023-09-21,.67,.52
105,碍釜,2023-09-22,.65,.51
105,碍釜,2023-09-23,.67,.5
105,碍釜,2023-09-24,.67,.48
105,碍釜,2023-09-25,.7,.49
105,碍釜,2023-09-26,.66,.54
105,碍釜,2023-09-27,.7,.56
105,碍釜,2023-09-28,.7,.56
105,碍釜,2023-09-29,.59,.56
105,碍釜,2023-09-30,.59,.55
105,碍釜,2023-10-01,.61,.54
105,碍釜,2023-10-02,.63,.54
105,碍釜,2023-10-03,.63,.53
105,碍釜,2023-10-04,.63,.52
105,碍釜,2023-10-05,.6,.45
105,碍釜,2023-10-06,.6,.44
105,碍釜,2023-10-07,.61,.44
105,碍釜,2023-10-08,.61,.43
105,碍釜,2023-10-09,.52,.43
105,碍釜,2023-10-10,.55,.44
105,碍釜,2023-10-11,.57,.42
105,碍釜,2023-10-12,.57,.41
105,碍釜,2023-10-13,.55,.4
105,碍釜,2023-10-14,.52,.4
105,碍釜,2023-10-15,.53,.39
105,碍釜,2023-10-16,.57,.37
105,碍釜,2023-10-17,.57,.37
105,碍釜,2023-10-18,.51,.33
105,碍釜,2023-10-19,.54,.33
105,碍釜,2023-10-20,.53,.33
105,碍釜,2023-10-21,.53,.32
105,碍釜,2023-10-22,.55,.32
105,碍釜,2023-10-24,.57,.3
105,碍釜,2023-10-25,.61,.31
105,碍釜,2023-10-26,.64,.32
105,碍釜,2023-10-27,.74,.4
105,碍釜,2023-10-28,.75,.39
105,碍釜,2023-10-29,.75,.4
105,碍釜,2023-10-30,.77,.4
105,碍釜,2023-10-31,.77,.39
105,碍釜,2023-11-01,.77,.38
105,碍釜,2023-11-02,.8,.37
105,碍釜,2023-11-03,.86,.41
105,碍釜,2023-11-04,0,0
105,碍釜,2023-11-05,.98,.48
105,碍釜,2023-11-06,.92,.26
105,碍釜,2023-11-07,.8,.28
105,碍釜,2023-11-08,.82,.27
105,碍釜,2023-11-09,.5,.26
105,碍釜,2023-11-10,-.84,.26
105,碍釜,2023-11-11,-.81,.26
105,碍釜,2023-11-12,-.81,.25
105,碍釜,2023-11-13,-.82,.27
105,碍釜,2023-11-14,-.8,.26
105,碍釜,2023-11-15,-.74,.25
105,碍釜,2023-11-16,-.71,.25
105,碍釜,2023-11-17,-.66,.25
105,碍釜,2023-11-18,-.61,.26
105,碍釜,2023-11-19,-.52,.26
105,碍釜,2023-11-20,-.61,.26
105,碍釜,2023-11-21,-.58,.26
105,碍釜,2023-11-22,-.57,.26
105,碍釜,2023-11-23,-.53,.26
105,碍釜,2023-11-24,-.59,.28
105,碍釜,2023-11-25,-.58,.28
105,碍釜,2023-11-26,-.52,.28
105,碍釜,2023-11-27,-.44,.27
105,碍釜,2023-11-28,-.45,.24
105,碍釜,2023-11-29,-.45,.2
105,碍釜,2023-11-30,-.53,.21
105,碍釜,2023-12-01,-.46,.21
105,碍釜,2023-12-02,-.35,.23
105,碍釜,2023-12-03,-.29,.23
105,碍釜,2023-12-04,-.28,.24
105,碍釜,2023-12-05,-.24,.24
105,碍釜,2023-12-06,-.17,.26
105,碍釜,2023-12-07,-.11,.27
105,碍釜,2023-12-08,-.1,.28
105,碍釜,2023-12-09,-.08,.15
105,碍釜,2023-12-10,.14,.24
105,碍釜,2023-12-11,.71,.54
105,碍釜,2023-12-12,.83,.6
105,碍釜,2023-12-13,.69,.62
105,碍釜,2023-12-14,.71,.67
105,碍釜,2023-12-15,.97,.85
105,碍釜,2023-12-16,.88,.86
105,碍釜,2023-12-17,.91,.87
105,碍釜,2023-12-18,.94,.87
105,碍釜,2023-12-19,.96,.88
105,碍釜,2023-12-20,.51,.89
105,碍釜,2023-12-21,.49,.77
105,碍釜,2023-12-22,.52,.76
105,碍釜,2023-12-23,.52,.78
105,碍釜,2023-12-24,.55,.81
105,碍釜,2023-12-25,.54,.83
105,碍釜,2023-12-26,.46,.75
105,碍釜,2023-12-27,.42,.77
105,碍釜,2023-12-28,.42,.77
105,碍釜,2023-12-29,.44,.68
105,碍釜,2023-12-30,.47,.7
105,碍釜,2023-12-31,.55,.75
105,碍釜,2024-01-01,.58,.78
105,碍釜,2024-01-02,.59,.8
105,碍釜,2024-01-03,.65,.83
105,碍釜,2024-01-04,.69,.85
105,碍釜,2024-01-05,.75,.85
105,碍釜,2024-01-06,.8,.88
105,碍釜,2024-01-07,.79,.89
105,碍釜,2024-01-08,.8,.89
105,碍釜,2024-01-09,.81,.81
105,碍釜,2024-01-10,.81,.84
105,碍釜,2024-01-11,.83,.86
105,碍釜,2024-01-12,.87,.88
105,碍釜,2024-01-13,.89,.86
105,碍釜,2024-01-14,.89,.84
105,碍釜,2024-01-15,.9,.85
105,碍釜,2024-01-16,.92,.88
105,碍釜,2024-01-17,.92,.89
105,碍釜,2024-01-18,.96,.87
105,碍釜,2024-01-19,.99,.9
105,碍釜,2024-01-20,1.22,1.04
105,碍釜,2024-01-21,1.24,1.06
105,碍釜,2024-01-22,1.25,1.07
105,碍釜,2024-01-23,1.36,1.07
105,碍釜,2024-01-24,1.38,1.11
105,碍釜,2024-01-25,1.38,1.14
105,碍釜,2024-01-26,1.38,1.19
105,碍釜,2024-01-27,1.3,1.22
105,碍釜,2024-01-28,1.35,1.23
105,碍釜,2024-01-29,1.35,1.25
105,碍釜,2024-01-30,1.32,1.25
105,碍釜,2024-01-31,1.34,1.24
105,碍釜,2024-02-01,1.42,1.27
105,碍釜,2024-02-02,1.44,1.32
105,碍釜,2024-02-03,1.38,1.36
105,碍釜,2024-02-04,1.16,1.36
105,碍釜,2024-02-05,1.17,1.37
105,碍釜,2024-02-06,1.37,1.41
105,碍釜,2024-02-07,1.4,1.34
105,碍釜,2024-02-08,1.47,1.36
105,碍釜,2024-02-09,1.5,1.11
105,碍釜,2024-02-10,1.48,.05
105,碍釜,2024-02-11,1.51,.07
105,碍釜,2024-02-12,1.52,.07
105,碍釜,2024-02-13,1.54,.09
105,碍釜,2024-02-14,1.6,.12
105,碍釜,2024-02-15,1.82,.3
105,碍釜,2024-02-16,1.83,.32
105,碍釜,2024-02-17,1.77,.34
105,碍釜,2024-02-18,1.79,.39
105,碍釜,2024-02-19,1.81,.47
105,碍釜,2024-02-20,1.99,.54
105,碍釜,2024-02-21,2.16,.72
105,碍釜,2024-02-22,2.23,.78
105,碍釜,2024-02-23,2.2,.79
105,碍釜,2024-02-24,2.18,.73
105,碍釜,2024-02-25,2.12,.73
105,碍釜,2024-02-26,2.12,.75
105,碍釜,2024-02-27,2.13,.8
105,碍釜,2024-02-28,2.21,.8
105,碍釜,2024-03-02,2.23,.98
105,碍釜,2024-03-03,2.18,1.01
105,碍釜,2024-03-04,2.16,1.02
105,碍釜,2024-03-05,2.17,1.08
105,碍釜,2024-03-06,2.13,1.15
105,碍釜,2024-03-07,2.16,1.16
105,碍釜,2024-03-08,2.2,1.17
105,碍釜,2024-03-09,2.17,1.19
105,碍釜,2024-03-10,2.05,1.24
105,碍釜,2024-03-11,1.56,1.3
105,碍釜,2024-03-12,1.45,1.33
105,碍釜,2024-03-13,1.45,1.24
105,碍釜,2024-03-14,1.37,1.2
105,碍釜,2024-03-15,1,1.21
105,碍釜,2024-03-16,.98,1.13
105,碍釜,2024-03-17,.98,1.14
105,碍釜,2024-03-18,1,1.17
105,碍釜,2024-03-19,1.05,1.2
105,碍釜,2024-03-20,1.13,.89
105,碍釜,2024-03-21,1.12,.88
105,碍釜,2024-03-22,1.1,.91
105,碍釜,2024-03-23,1.07,.89
105,碍釜,2024-03-24,1.06,.91
105,碍釜,2024-03-25,1.16,.96
105,碍釜,2024-03-26,1.42,1.06
105,碍釜,2024-03-27,1.41,1.05
105,碍釜,2024-03-28,1.42,1.05
105,碍釜,2024-03-29,1.4,1.04
105,碍釜,2024-03-30,1.36,1.05
105,碍釜,2024-03-31,1.25,1.04
105,碍釜,2024-04-01,1.25,1.06
105,碍釜,2024-04-02,1.25,1.07
105,碍釜,2024-04-03,1.22,1.16
105,碍釜,2024-04-04,1.2,1.19
105,碍釜,2024-04-05,1.19,1.24
105,碍釜,2024-04-06,1.16,1.25
105,碍釜,2024-04-07,1.19,1.24
105,碍釜,2024-04-08,1.22,1.24
105,碍釜,2024-04-09,1.23,1.25
105,碍釜,2024-04-10,1.21,1.22
105,碍釜,2024-04-11,1.24,1.24
105,碍釜,2024-04-12,1.21,1.26
105,碍釜,2024-04-13,1.19,1.26
105,碍釜,2024-04-14,1.22,1.28
105,碍釜,2024-04-15,1.22,1.3
105,碍釜,2024-04-16,1.2,1.32
105,碍釜,2024-04-17,1.16,1.31
105,碍釜,2024-04-18,1.13,1.31
105,碍釜,2024-04-20,.76,1.36
105,碍釜,2024-04-21,.96,1.46
105,碍釜,2024-04-22,.97,1.47
105,碍釜,2024-04-23,.97,1.53
105,碍釜,2024-04-24,1.02,1.56
105,碍釜,2024-04-25,.99,1.55
105,碍釜,2024-04-26,1.01,1.57
105,碍釜,2024-04-27,.97,1.47
105,碍釜,2024-04-28,.96,1.51
105,碍釜,2024-04-29,.92,1.5
105,碍釜,2024-04-30,.97,1.52
105,碍釜,2024-05-01,.89,1.54
105,碍釜,2024-05-02,.86,1.55
105,碍釜,2024-05-03,.86,1.5
105,碍釜,2024-05-04,.87,1.35
105,碍釜,2024-05-05,.59,1.37
105,碍釜,2024-05-06,.54,1.38
105,碍釜,2024-05-07,.7,1.44
105,碍釜,2024-05-08,.69,1.48
105,碍釜,2024-05-09,.7,1.52
105,碍釜,2024-05-10,.71,1.53
105,碍釜,2024-05-11,.71,1.54
105,碍釜,2024-05-12,.71,1.56
105,碍釜,2024-05-13,.63,1.5
105,碍釜,2024-05-14,.62,1.53
105,碍釜,2024-05-15,.61,1.68
105,碍釜,2024-05-16,.89,1.81
105,碍釜,2024-05-17,.9,1.8
105,碍釜,2024-05-18,.86,1.78
105,碍釜,2024-05-19,.77,1.78
105,碍釜,2024-05-20,.41,1.79
105,碍釜,2024-05-21,0,1.79
105,碍釜,2024-05-22,-.23,1.79
105,碍釜,2024-05-23,-.28,1.75
105,碍釜,2024-05-24,-.28,1.7
105,碍釜,2024-05-25,-.32,1.67
105,碍釜,2024-05-26,-.35,1.66
105,碍釜,2024-05-27,-.35,1.68
105,碍釜,2024-05-28,-.32,1.69
105,碍釜,2024-05-29,-.33,1.71
105,碍釜,2024-05-30,-.35,1.71
105,碍釜,2024-05-31,-.37,1.7
105,碍釜,2024-06-01,-.3,1.73
105,碍釜,2024-06-02,-.25,1.71
105,碍釜,2024-06-03,-.26,1.71
105,碍釜,2024-06-04,-.26,1.7
105,碍釜,2024-06-05,-.33,1.7
105,碍釜,2024-06-06,-.38,1.68
105,碍釜,2024-06-07,-.42,1.7
105,碍釜,2024-06-08,-.46,1.69
105,碍釜,2024-06-09,-.45,1.68
105,碍釜,2024-06-10,-.43,1.54
105,碍釜,2024-06-11,-.42,1.02
105,碍釜,2024-06-12,-.45,.91
105,碍釜,2024-06-13,-.47,.88
105,碍釜,2024-06-14,-.46,.78
105,碍釜,2024-06-15,-.28,.51
105,碍釜,2024-06-16,-.28,.5
105,碍釜,2024-06-17,-.3,.49
105,碍釜,2024-06-18,-.32,.47
105,碍釜,2024-06-19,-.41,.46
105,碍釜,2024-06-20,-.57,.41
105,碍釜,2024-06-21,-.59,.38
105,碍釜,2024-06-22,-.39,.5
105,碍釜,2024-06-23,-.23,.58
105,碍釜,2024-06-24,-.17,.58
105,碍釜,2024-06-25,-.36,.53
105,碍釜,2024-06-26,-.9,.47
105,碍釜,2024-06-27,-.94,.43
105,碍釜,2024-06-28,-.95,.42
105,碍釜,2024-06-29,-.74,.52
105,碍釜,2024-06-30,-.66,.43
105,碍釜,2024-07-01,-.71,.37
105,碍釜,2024-07-02,-.31,.63
105,碍釜,2024-07-03,-.34,.57
105,碍釜,2024-07-04,-.41,.5
105,碍釜,2024-07-05,-.46,.47
105,碍釜,2024-07-06,-.5,.41
105,碍釜,2024-07-07,-.48,.42
105,碍釜,2024-07-08,-.36,.51
105,碍釜,2024-07-09,-.39,.47
105,碍釜,2024-07-10,-.34,.48
105,碍釜,2024-07-11,-.42,.43
105,碍釜,2024-07-12,-.45,.36
105,碍釜,2024-07-13,-.48,.31
105,碍釜,2024-07-14,-.52,.28
105,碍釜,2024-07-15,-.63,.21
105,碍釜,2024-07-16,-.6,.21
105,碍釜,2024-07-17,-.56,.22
105,碍釜,2024-07-18,-.41,.29
105,碍釜,2024-07-19,-.47,.23
105,碍釜,2024-07-20,-.66,-.01
105,碍釜,2024-07-21,-.72,-.04
105,碍釜,2024-07-22,-.76,-.07
105,碍釜,2024-07-23,-.79,-.08
105,碍釜,2024-07-24,-.93,-.13
105,碍釜,2024-07-25,-.99,-.17
105,碍釜,2024-07-26,-1,-.2
105,碍釜,2024-07-27,-1.01,-.23
105,碍釜,2024-07-28,-.98,-.24
105,碍釜,2024-07-29,-.93,-.24
105,碍釜,2024-07-30,-.91,-.24
105,碍釜,2024-07-31,-.95,-.25
105,碍釜,2024-08-01,-.95,-.32
105,碍釜,2024-08-02,-.96,-.35
105,碍釜,2024-08-03,-.98,-.38
105,碍釜,2024-08-04,-.99,-.38
105,碍釜,2024-08-05,-1,-.56
105,碍釜,2024-08-06,-1.03,-.59
105,碍釜,2024-08-07,-1.25,-.65
105,碍釜,2024-08-08,-1.28,-.68
105,碍釜,2024-08-09,-1.36,-.71
105,碍釜,2024-08-10,-1.43,-.8
105,碍釜,2024-08-11,-1.46,-.83
105,碍釜,2024-08-12,-1.47,-.83
105,碍釜,2024-08-13,-1.47,-.86
105,碍釜,2024-08-14,-1.5,-.9
105,碍釜,2024-08-15,-1.82,-1.15
105,碍釜,2024-08-16,-2.07,-1.17
105,碍釜,2024-08-17,-2.09,-1.19
105,碍釜,2024-08-18,-2.11,-1.21
105,碍釜,2024-08-19,-2.05,-1.25
105,碍釜,2024-08-20,-2.1,-1.51
105,碍釜,2024-08-21,-2.12,-1.75
105,碍釜,2024-08-22,-2.12,-1.87
105,碍釜,2024-08-23,-2.14,-1.93
105,碍釜,2024-08-24,-2.22,-1.99
105,碍釜,2024-08-25,-2.18,-1.99
105,碍釜,2024-08-26,-2.23,-2.05
105,碍釜,2024-08-27,-2.23,-2.06
105,碍釜,2024-08-28,-2.27,-2.12
105,碍釜,2024-08-29,-1.97,-1.89
105,碍釜,2024-08-30,-1.93,-1.87
105,碍釜,2024-08-31,-1.89,-1.87
105,碍釜,2024-09-01,-1.93,-1.88
105,碍釜,2024-09-02,-1.95,-1.86
105,碍釜,2024-09-03,-1.97,-1.89
105,碍釜,2024-09-04,-1.97,-1.88
105,碍釜,2024-09-05,-2,-1.94
105,碍釜,2024-09-06,-2.02,-1.99
105,碍釜,2024-09-07,-1.76,-1.79
105,碍釜,2024-09-08,-1.79,-1.82
105,碍釜,2024-09-09,-1.83,-1.86
105,碍釜,2024-09-10,-1.94,-1.94
105,碍釜,2024-09-11,-1.71,-1.74
105,碍釜,2024-09-12,-1.64,-1.68
105,碍釜,2024-09-13,-1.63,-1.66
105,碍釜,2024-09-14,-1.66,-1.69
105,碍釜,2024-09-15,-1.5,-1.49
105,碍釜,2024-09-16,-1.5,-1.49
105,碍釜,2024-09-17,-1.52,-1.5
105,碍釜,2024-09-18,-1.45,-1.46
105,碍釜,2024-09-19,-1.44,-1.48
105,碍釜,2024-09-20,-.97,-1.11
105,碍釜,2024-09-21,-.32,-.54
105,碍釜,2024-09-22,-.15,-.32
105,碍釜,2024-09-23,-.21,-.31
105,碍釜,2024-09-24,-.24,-.33
105,碍釜,2024-09-25,-.23,-.38
105,碍釜,2024-09-26,-.19,-.52
105,碍釜,2024-09-27,-.03,-.39
105,碍釜,2024-09-28,0,-.36
105,碍釜,2024-09-29,-.07,-.37
105,碍釜,2024-09-30,-.11,-.38
105,碍釜,2024-10-01,-.08,-.39
105,碍釜,2024-10-02,-.25,-.39
105,碍釜,2024-10-03,-.22,-.38
105,碍釜,2024-10-04,-.19,-.4
105,碍釜,2024-10-05,-.19,-.41
105,碍釜,2024-10-06,-.19,-.41
105,碍釜,2024-10-07,-.19,-.41
105,碍釜,2024-10-08,-.15,-.33
105,碍釜,2024-10-09,-.13,-.33
105,碍釜,2024-10-10,-.15,-.34
105,碍釜,2024-10-11,-.14,-.35
105,碍釜,2024-10-12,-.12,-.37
105,碍釜,2024-10-13,-.1,-.38
105,碍釜,2024-10-14,-.09,-.38
105,碍釜,2024-10-15,-.06,-.39
105,碍釜,2024-10-16,-.05,-.4
105,碍釜,2024-10-17,-.06,-.4
105,碍釜,2024-10-18,.08,-.2
105,碍釜,2024-10-19,.35,.02
105,碍釜,2024-10-20,.35,-.05
105,碍釜,2024-10-21,.34,-.07
105,碍釜,2024-10-22,.42,-.02
105,碍釜,2024-10-23,.4,-.04
105,碍釜,2024-10-24,.44,-.07
105,碍釜,2024-10-25,.47,-.06
105,碍釜,2024-10-26,.5,-.06
105,碍釜,2024-10-27,.52,-.06
105,碍釜,2024-10-28,.56,-.03
105,碍釜,2024-10-29,.56,-.02
105,碍釜,2024-10-30,.57,-.02
105,碍釜,2024-10-31,.57,-.03
105,碍釜,2024-11-01,.57,-.04
105,碍釜,2024-11-02,.59,-.05
105,碍釜,2024-11-03,.62,-.04
105,碍釜,2024-11-04,.62,-.05
105,碍釜,2024-11-05,.71,.02
105,碍釜,2024-11-06,.74,.03
105,碍釜,2024-11-07,.78,-.03
105,碍釜,2024-11-08,.8,-.05
105,碍釜,2024-11-09,.82,-.06
105,碍釜,2024-11-10,.91,-.06
105,碍釜,2024-11-11,.92,-.06
105,碍釜,2024-11-12,.92,-.07
105,碍釜,2024-11-13,.95,-.05
105,碍釜,2024-11-14,.95,-.05
105,碍釜,2024-11-15,.99,-.17
105,碍釜,2024-11-16,1.01,-.28
105,碍釜,2024-11-17,1.03,-.28
105,碍釜,2024-11-18,1.08,-.27
105,碍釜,2024-11-19,1.1,-.27
105,碍釜,2024-11-20,1.12,-.26
105,碍釜,2024-11-21,1.14,-.26
105,碍釜,2024-11-22,1.14,-.27
105,碍釜,2024-11-23,1.15,-.26
105,碍釜,2024-11-24,1.17,-.24
105,碍釜,2024-11-25,1.15,-.21
105,碍釜,2024-11-26,1.15,-.22
105,碍釜,2024-11-27,1.15,-.21
105,碍釜,2024-11-28,1.17,-.22
105,碍釜,2024-11-29,1.05,-.23
105,碍釜,2024-11-30,1.28,-.22
105,碍釜,2024-12-01,1.33,-.23
105,碍釜,2024-12-02,1.33,-.23
105,碍釜,2024-12-03,1.39,-.22
105,碍釜,2024-12-04,1.41,-.21
105,碍釜,2024-12-05,1.46,-.21
105,碍釜,2024-12-06,1.44,-.21
105,碍釜,2024-12-07,1.44,-.2
105,碍釜,2024-12-08,1.45,-.2
105,碍釜,2024-12-09,1.47,-.2
105,碍釜,2024-12-10,1.53,-.2
105,碍釜,2024-12-11,1.49,-.14
105,碍釜,2024-12-12,1.45,-.14
105,碍釜,2024-12-13,1.5,-.12
105,碍釜,2024-12-14,1.52,-.12
105,碍釜,2024-12-15,1.4,-.17
105,碍釜,2024-12-16,1.43,-.17
105,碍釜,2024-12-17,1.43,-.16
105,碍釜,2024-12-18,1.45,-.15
105,碍釜,2024-12-19,1.48,-.14
105,碍釜,2024-12-20,1.18,-.11
105,碍釜,2024-12-21,.5,-.1
105,碍釜,2024-12-22,.15,-.16
105,碍釜,2024-12-23,.16,-.2
105,碍釜,2024-12-24,.21,-.21
105,碍釜,2024-12-25,.23,-.19
105,碍釜,2024-12-26,.25,-.15
105,碍釜,2024-12-27,.03,-.13
105,碍釜,2024-12-28,-.01,-.13
105,碍釜,2024-12-29,.01,-.19
105,碍釜,2024-12-30,.04,-.2
105,碍釜,2024-12-31,.04,-.21
105,碍釜,2025-01-01,.05,-.18
105,碍釜,2025-01-02,.06,-.33
105,碍釜,2025-01-03,.05,-.3
105,碍釜,2025-01-04,.08,-.26
105,碍釜,2025-01-05,.12,-.24
105,碍釜,2025-01-06,.18,-.21
105,碍釜,2025-01-07,.17,-.22
105,碍釜,2025-01-08,-.01,-.27
105,碍釜,2025-01-09,0,-.25
105,碍釜,2025-01-10,.03,-.25
105,碍釜,2025-01-11,.06,-.23
105,碍釜,2025-01-12,.09,-.19
105,碍釜,2025-01-13,.11,-.16
105,碍釜,2025-01-14,.11,-.14
105,碍釜,2025-01-15,.12,-.11
105,碍釜,2025-01-16,.13,-.09
105,碍釜,2025-01-17,.13,-.1
105,碍釜,2025-01-18,-.28,-.15
105,碍釜,2025-01-19,-1.02,-.12
105,碍釜,2025-01-20,-1.02,-.12
105,碍釜,2025-01-21,-.98,-.12
105,碍釜,2025-01-22,-1.21,-.1
105,碍釜,2025-01-23,-1.25,-.08
105,碍釜,2025-01-24,-1.13,-.02
105,碍釜,2025-01-25,-.99,.04
105,碍釜,2025-01-26,-.98,.06
105,碍釜,2025-01-27,-.99,.09
105,碍釜,2025-01-28,-1.14,.11
105,碍釜,2025-01-29,-1.14,.11
105,碍釜,2025-01-30,-1.14,.11
105,碍釜,2025-01-31,-1.14,.11
105,碍釜,2025-02-01,-1.11,.12
105,碍釜,2025-02-02,-1.03,.14
105,碍釜,2025-02-03,-1.04,.17
105,碍釜,2025-02-04,-.99,.18
105,碍釜,2025-02-05,-1.44,.18
105,碍釜,2025-02-06,-1.42,.21
105,碍釜,2025-02-07,-1.43,.24
105,碍釜,2025-02-08,-1.42,.27
105,碍釜,2025-02-09,-1.41,.3
105,碍釜,2025-02-10,-1.39,.39
105,碍釜,2025-02-11,-1.42,.41
105,碍釜,2025-02-12,-1.43,.42
105,碍釜,2025-02-13,-1.42,.43
105,碍釜,2025-02-14,-1.48,.45
105,碍釜,2025-02-15,-1.46,.5
105,碍釜,2025-02-16,-1.48,.51
105,碍釜,2025-02-17,-1.45,.53
105,碍釜,2025-02-18,-1.46,.57
105,碍釜,2025-02-19,-1.42,.61
105,碍釜,2025-02-20,-1.41,.64
105,碍釜,2025-02-21,-1.41,.65
105,碍釜,2025-02-22,-1.37,.64
105,碍釜,2025-02-23,-1.38,.67
105,碍釜,2025-02-24,-1.38,.69
105,碍釜,2025-02-25,-1.31,.66
105,碍釜,2025-02-26,-1.4,.66
105,碍釜,2025-02-27,-1.46,.67
105,碍釜,2025-02-28,-1.49,.75
105,碍釜,2025-03-01,-1.6,.77
105,碍釜,2025-03-02,-1.19,.85
105,碍釜,2025-03-03,-.86,.94
105,碍釜,2025-03-04,-.71,.99
105,碍釜,2025-03-05,-.52,1.07
105,碍釜,2025-03-06,-.51,1.02
105,碍釜,2025-03-07,-.53,1.03
105,碍釜,2025-03-08,-.54,1.04
105,碍釜,2025-03-09,-.56,1.06
105,碍釜,2025-03-10,-.57,1.1
105,碍釜,2025-03-11,-.83,1
105,碍釜,2025-03-12,-.84,.97
105,碍釜,2025-03-13,-.86,1.01
105,碍釜,2025-03-14,-.88,1.03
105,碍釜,2025-03-15,-.93,.89
105,碍釜,2025-03-16,-.83,.94
105,碍釜,2025-03-17,-.58,1.03
105,碍釜,2025-03-18,-.49,1.08
105,碍釜,2025-03-19,-.53,1.1
105,碍釜,2025-03-20,-.56,.78
105,碍釜,2025-03-21,-.56,.1
105,碍釜,2025-03-22,-.55,-.22
105,碍釜,2025-03-23,-.58,-.23
105,碍釜,2025-03-24,-.61,-.2
105,碍釜,2025-03-25,-.6,-.19
105,碍釜,2025-03-26,-.63,-.18
105,碍釜,2025-03-27,-.6,-.41
105,碍釜,2025-03-28,-.27,-.28
105,碍釜,2025-03-29,-.28,-.26
105,碍釜,2025-03-30,-.28,-.23
105,碍釜,2025-03-31,-.29,-.24
105,碍釜,2025-04-01,-.31,-.23
105,碍釜,2025-04-02,-.32,-.23
105,碍釜,2025-04-03,-.35,-.29
105,碍釜,2025-04-04,-.37,-.28
105,碍釜,2025-04-05,-.35,-.23
105,碍釜,2025-04-06,-.4,-.21
105,碍釜,2025-04-07,-.4,-.2
105,碍釜,2025-04-08,-.39,-.36
105,碍釜,2025-04-09,-.42,-.35
105,碍釜,2025-04-10,-.45,-.34
105,碍釜,2025-04-11,-.47,-.32
105,碍釜,2025-04-12,-.48,-.29
105,碍釜,2025-04-13,-.45,-.26
105,碍釜,2025-04-14,-.43,-.25
105,碍釜,2025-04-15,-.43,-.25
105,碍釜,2025-04-16,-.4,-.24
105,碍釜,2025-04-17,-.38,-.23
105,碍釜,2025-04-18,-.41,-.6
105,碍釜,2025-04-19,-.4,-1.12
105,碍釜,2025-04-20,-.41,-1.14
105,碍釜,2025-04-21,-.4,-1.09
105,碍釜,2025-04-22,-.23,-1.1
105,碍釜,2025-04-23,-.24,-1.08
105,碍釜,2025-04-24,-.33,-1.08
105,碍釜,2025-04-25,-.45,-1.1
105,碍釜,2025-04-26,-.54,-1.16
105,碍釜,2025-04-27,-.58,-1.19
105,碍釜,2025-04-28,-.59,-1.28
105,碍釜,2025-04-29,-.58,-1.3
105,碍釜,2025-04-30,-.58,-1.3
105,碍釜,2025-05-01,-.61,-1.27
105,碍釜,2025-05-02,-.63,-1.23
105,碍釜,2025-05-03,-.62,-1.23
105,碍釜,2025-05-04,-.62,-1.23
105,碍釜,2025-05-05,-.62,-1.48
105,碍釜,2025-05-06,-.7,-1.56
105,碍釜,2025-05-07,-.77,-1.54
105,碍釜,2025-05-22,-.37,-1.18
105,碍釜,2025-05-23,-.36,-1.17
105,碍釜,2025-05-24,-.14,-1.01
105,碍釜,2025-05-25,-.14,-.99
105,碍釜,2025-05-26,-.16,-1.04
105,碍釜,2025-06-03,-.62,-1.11
105,碍釜,2025-06-04,-.76,-1.11
105,碍釜,2025-06-05,-.98,-1.12
105,碍釜,2025-06-06,-1.01,-1.13
105,碍釜,2025-06-07,-1.03,-1.17
105,碍釜,2025-06-08,-1.08,-1.19
105,碍釜,2025-06-09,-1.07,-1.2
105,碍釜,2025-06-10,-1.04,-1.22
105,碍釜,2025-06-11,-1.02,-1.4
105,碍釜,2025-06-12,-1.08,-1.42
105,碍釜,2025-06-13,-1.09,-1.45
105,碍釜,2025-06-14,-1.09,-1.45
105,碍釜,2025-06-15,-1.08,-1.47
105,碍釜,2025-06-16,-1.11,-1.44
105,碍釜,2025-06-17,-1.42,-1.45
105,碍釜,2025-06-18,-1.64,-1.49
105,碍釜,2025-06-19,-1.76,-1.57
105,碍釜,2025-06-20,-1.74,-1.62
105,碍釜,2025-06-21,-1.62,-1.56
105,碍釜,2025-06-22,-1.61,-1.56
105,碍釜,2025-06-23,-1.63,-1.63
105,碍釜,2025-06-24,-1.65,-1.65
105,碍釜,2025-06-25,-1.68,-1.65
105,碍釜,2025-06-26,-1.82,-1.8
105,碍釜,2025-06-27,-1.89,-1.81
105,碍釜,2025-06-28,-2.21,-1.76
105,碍釜,2025-06-29,-2.28,-1.79
105,碍釜,2025-06-30,-2.35,-1.8
105,碍釜,2025-07-01,-2.38,-1.87
105,碍釜,2025-07-02,-2.61,-2.01
105,碍釜,2025-07-03,-2.5,-2
105,碍釜,2025-07-04,-2.51,-2.09
105,碍釜,2025-07-05,-2.63,-2.18
105,碍釜,2025-07-06,-2.67,-2.21
105,碍釜,2025-07-07,-2.65,-2.2
105,碍釜,2025-07-08,-2.69,-2.25
105,碍釜,2025-07-09,-2.7,-2.3
105,碍釜,2025-07-10,-2.79,-2.42
105,碍釜,2025-07-11,-2.88,-2.49
105,碍釜,2025-07-12,-2.79,-2.49
105,碍釜,2025-07-13,-2.7,-2.43
105,碍釜,2025-07-14,-2.25,-2.13
105,碍釜,2025-07-15,-1.84,-1.83
105,碍釜,2025-07-16,-1.82,-1.82
105,碍釜,2025-07-17,-1.63,-1.66
105,碍釜,2025-07-18,-1.61,-1.65
105,碍釜,2025-07-19,-1.55,-1.6
105,碍釜,2025-07-20,-1.47,-1.52
105,碍釜,2025-07-21,-1.47,-1.51
105,碍釜,2025-07-22,-1.65,-1.54
105,碍釜,2025-07-23,-1.69,-1.58
105,碍釜,2025-07-24,-1.75,-1.68
105,碍釜,2025-07-25,-1.81,-1.76
105,碍釜,2025-07-26,-1.82,-1.75
105,碍釜,2025-07-27,-1.8,-1.73
105,碍釜,2025-07-28,-1.77,-1.72
105,碍釜,2025-07-29,-1.69,-1.7
105,碍釜,2025-07-30,-1.68,-1.73
105,碍釜,2025-07-31,-1.74,-1.77
105,碍釜,2025-08-01,-1.75,-1.81
105,碍釜,2025-08-02,-1.74,-1.81
105,碍釜,2025-08-03,-1.76,-1.79
105,碍釜,2025-08-04,-1.75,-1.78
105,碍釜,2025-08-05,-1.75,-1.77
105,碍釜,2025-08-06,-1.56,-1.63
105,碍釜,2025-08-07,-1.56,-1.67
105,碍釜,2025-08-08,-1.59,-1.69
105,碍釜,2025-08-09,-1.81,-1.72
105,碍釜,2025-08-10,-1.87,-1.78
105,碍釜,2025-08-11,-1.91,-1.83
105,碍釜,2025-08-12,-1.91,-1.81
105,碍釜,2025-08-13,-1.87,-1.81
105,碍釜,2025-08-14,-1.85,-1.82
105,碍釜,2025-08-15,-1.89,-1.87
105,碍釜,2025-08-16,-1.94,-1.89
105,碍釜,2025-08-17,-2.02,-1.9
105,碍釜,2025-08-18,-2.04,-1.89
105,碍釜,2025-08-19,-1.99,-1.86
105,碍釜,2025-08-20,-2.02,-1.91
105,碍釜,2025-08-21,-2.07,-1.93
105,碍釜,2025-08-22,-2.11,-1.93
105,碍釜,2025-08-23,-2.12,-1.96
105,碍釜,2025-08-24,-2.35,-2
105,碍釜,2025-08-25,-2.49,-2.12
105,碍釜,2025-08-26,-2.56,-2.19
105,碍釜,2025-08-27,-2.66,-2.26
105,碍釜,2025-08-28,-2.7,-2.33
105,碍釜,2025-08-29,-2.77,-2.38
105,碍釜,2025-08-30,-2.77,-2.4
105,碍釜,2025-08-31,-2.67,-2.36
105,碍釜,2025-09-01,-2.65,-2.36
105,碍釜,2025-09-02,-2.64,-2.44
105,碍釜,2025-09-03,-2.65,-2.57
105,碍釜,2025-09-04,-2.63,-2.61
105,碍釜,2025-09-05,-2.65,-2.72
105,碍釜,2025-09-06,-2.68,-2.75
105,碍釜,2025-09-07,-2.56,-2.67
105,碍釜,2025-09-08,-2.59,-2.7
105,碍釜,2025-09-09,-2.64,-2.75
105,碍釜,2025-09-10,-2.76,-2.83
105,碍釜,2025-09-11,-2.83,-2.88
105,碍釜,2025-09-12,-2.8,-2.85
105,碍釜,2025-09-13,-2.06,-2.25
105,碍釜,2025-09-14,-2.11,-2.29
105,碍釜,2025-09-15,-2.15,-2.33
105,碍釜,2025-09-16,-2.2,-2.38
105,碍釜,2025-09-17,-1.65,-2.01
105,碍釜,2025-09-18,-1.53,-1.96
105,碍釜,2025-09-19,-1.49,-1.94
105,碍釜,2025-09-20,-1.04,-1.52
105,碍釜,2025-09-21,-1.05,-1.52
105,碍釜,2025-09-22,-1.08,-1.54
105,碍釜,2025-09-23,-1.06,-1.53
105,碍釜,2025-09-24,-1.06,-1.54
105,碍釜,2025-09-25,-1.05,-1.55
105,碍釜,2025-09-26,-.99,-1.56
105,碍釜,2025-09-27,-.99,-1.59
105,碍釜,2025-09-28,-.95,-1.64
105,碍釜,2025-09-29,-.94,-1.65
105,碍釜,2025-09-30,-.91,-1.65
105,碍釜,2025-10-01,-.88,-1.67
105,碍釜,2025-10-02,-.86,-1.67
105,碍釜,2025-10-03,-.84,-1.66
105,碍釜,2025-10-04,-.82,-1.67
105,碍釜,2025-10-05,-.75,-1.63
105,碍釜,2025-10-06,-.38,-1.26
105,碍釜,2025-10-07,-.22,-1.11
105,碍釜,2025-10-08,-.22,-1.12
105,碍釜,2025-10-09,-.17,-1.12
105,碍釜,2025-10-10,-.12,-1.11
105,碍釜,2025-10-11,-.09,-1.11
105,碍釜,2025-10-12,.02,-1.04
105,碍釜,2025-10-13,.23,-.83
105,碍釜,2025-10-14,.23,-.7
105,碍釜,2025-10-15,.18,-.64
105,碍釜,2025-10-16,.38,-.46
105,碍釜,2025-10-17,.37,-.42
105,碍釜,2025-10-18,.54,-.24
105,碍釜,2025-10-19,.5,-.25
105,碍釜,2025-10-20,.65,-.05
105,碍釜,2025-10-21,.65,-.05
105,碍釜,2025-10-22,.73,-.04
105,碍釜,2025-10-23,.78,0
105,碍釜,2025-10-24,.93,.12
105,碍釜,2025-10-25,.97,.13
105,碍釜,2025-10-26,1.01,.14
105,碍釜,2025-10-27,1.02,.14
105,碍釜,2025-10-28,1.03,.13
105,碍釜,2025-10-29,1.03,.14
105,碍釜,2025-10-30,1.05,.15
105,碍釜,2025-10-31,1.06,.13
114,盔林,2023-01-01,0,0
114,盔林,2023-01-02,.82,.72
114,盔林,2023-01-03,.64,.79
114,盔林,2023-01-04,-.63,.76
114,盔林,2023-01-05,-.59,.76
114,盔林,2023-01-06,-.55,.8
114,盔林,2023-01-07,-.55,.83
114,盔林,2023-01-08,-.54,.85
114,盔林,2023-01-09,-.89,.89
114,盔林,2023-01-10,-.95,.92
114,盔林,2023-01-11,-.94,.79
114,盔林,2023-01-12,-.93,.85
114,盔林,2023-01-13,-.42,.64
114,盔林,2023-01-14,-.36,.69
114,盔林,2023-01-15,-.19,.79
114,盔林,2023-01-16,-.17,.88
114,盔林,2023-01-17,-.17,.93
114,盔林,2023-01-18,-.14,.95
114,盔林,2023-01-19,-.14,1.01
114,盔林,2023-01-20,-.12,1.03
114,盔林,2023-01-21,-.06,1.02
114,盔林,2023-01-22,-.04,1.03
114,盔林,2023-01-23,-.04,.94
114,盔林,2023-01-24,-.03,.95
114,盔林,2023-01-25,.01,1.01
114,盔林,2023-01-26,.02,1.06
114,盔林,2023-01-27,.05,1.12
114,盔林,2023-01-28,.1,1.16
114,盔林,2023-01-29,.11,1.19
114,盔林,2023-01-30,.13,1.22
114,盔林,2023-01-31,.18,1.22
114,盔林,2023-02-01,.17,1.23
114,盔林,2023-02-02,.21,1.31
114,盔林,2023-02-03,.2,1.12
114,盔林,2023-02-04,.22,1.19
114,盔林,2023-02-05,.25,1.21
114,盔林,2023-02-06,.32,1.27
114,盔林,2023-02-07,.36,1.35
114,盔林,2023-02-08,.46,1.25
114,盔林,2023-02-09,.46,.73
114,盔林,2023-02-10,.46,.46
114,盔林,2023-02-11,.47,.12
114,盔林,2023-02-12,-.29,.14
114,盔林,2023-02-13,-.37,.16
114,盔林,2023-02-14,-.36,.17
114,盔林,2023-02-15,-.42,.19
114,盔林,2023-02-16,-.42,.22
114,盔林,2023-02-17,-.39,.21
114,盔林,2023-02-18,-.35,.24
114,盔林,2023-02-19,-.32,-.04
114,盔林,2023-02-20,-.29,-.09
114,盔林,2023-02-21,-.29,-.04
114,盔林,2023-02-22,-.3,0
114,盔林,2023-02-23,-.28,.05
114,盔林,2023-02-24,-.25,.09
114,盔林,2023-02-25,-.24,.16
114,盔林,2023-02-26,-.25,.19
114,盔林,2023-02-27,-.23,.27
114,盔林,2023-02-28,-.96,.06
114,盔林,2023-03-01,-1.08,.13
114,盔林,2023-03-02,-1.09,.2
114,盔林,2023-03-03,-1.01,.24
114,盔林,2023-03-04,-.99,.19
114,盔林,2023-03-05,-1.07,-.39
114,盔林,2023-03-06,-1.11,-.86
114,盔林,2023-03-07,-1.1,-.84
114,盔林,2023-03-08,-1.1,-.84
114,盔林,2023-03-09,-1.11,-.84
114,盔林,2023-03-10,-1.13,-.84
114,盔林,2023-03-11,-1.19,-.77
114,盔林,2023-03-12,-.79,-.6
114,盔林,2023-03-13,-.97,-.59
114,盔林,2023-03-14,-1,-.54
114,盔林,2023-03-15,-1.06,-.53
114,盔林,2023-03-16,-1.07,-.51
114,盔林,2023-03-17,-1.08,-.45
114,盔林,2023-03-18,-1.22,-.4
114,盔林,2023-03-19,-1.25,-.4
114,盔林,2023-03-20,-1.29,-.34
114,盔林,2023-03-21,-1.42,-.22
114,盔林,2023-03-22,-1.43,-.21
114,盔林,2023-03-23,-1.46,-.18
114,盔林,2023-03-24,-1.49,-.15
114,盔林,2023-03-25,-1.54,-.16
114,盔林,2023-03-26,-1.64,-.17
114,盔林,2023-03-27,-1.64,-.16
114,盔林,2023-03-28,-1.62,-.16
114,盔林,2023-03-29,-1.66,-.14
114,盔林,2023-03-30,-1.65,-.13
114,盔林,2023-03-31,-1.64,-.17
114,盔林,2023-04-01,-1.67,-.14
114,盔林,2023-04-02,-1.69,-.25
114,盔林,2023-04-03,-1.69,-.49
114,盔林,2023-04-04,-1.6,-1.69
114,盔林,2023-04-05,-1.26,-1.48
114,盔林,2023-04-06,-1.26,-1.44
114,盔林,2023-04-07,-1.28,-1.48
114,盔林,2023-04-08,-1.28,-1.46
114,盔林,2023-04-09,-1.32,-1.79
114,盔林,2023-04-10,-1.41,-1.88
114,盔林,2023-04-11,-1.28,-1.73
114,盔林,2023-04-12,-1.35,-1.7
114,盔林,2023-04-13,-1.91,-1.73
114,盔林,2023-04-14,-1.97,-1.72
114,盔林,2023-04-15,-2.19,-1.67
114,盔林,2023-04-16,-2.19,-1.67
114,盔林,2023-04-17,-2.27,-1.76
114,盔林,2023-04-18,-2.24,-1.75
114,盔林,2023-04-19,-2.36,-1.85
114,盔林,2023-04-20,-2.39,-1.88
114,盔林,2023-04-21,-2.46,-1.84
114,盔林,2023-04-22,-2.47,-1.9
114,盔林,2023-04-23,-2.44,-1.9
114,盔林,2023-04-24,-2.41,-1.87
114,盔林,2023-04-25,-2.39,-1.8
114,盔林,2023-04-26,-2.57,-1.91
114,盔林,2023-04-27,-2.62,-1.96
114,盔林,2023-04-28,-2.54,-1.88
114,盔林,2023-04-29,-2.39,-1.8
114,盔林,2023-04-30,-2.33,-1.79
114,盔林,2023-05-01,-2.31,-1.78
114,盔林,2023-05-02,-2.3,-1.71
114,盔林,2023-05-03,-2.3,-1.74
114,盔林,2023-05-04,-2.31,-1.77
114,盔林,2023-05-05,-1.91,-1.51
114,盔林,2023-05-06,-.78,-.63
114,盔林,2023-05-07,-.82,-.64
114,盔林,2023-05-08,-.83,-.59
114,盔林,2023-05-09,-.87,-.61
114,盔林,2023-05-11,-.91,-.63
114,盔林,2023-05-12,-.93,-1.08
114,盔林,2023-05-13,-.98,-1.13
114,盔林,2023-05-14,-1.02,-1.17
114,盔林,2023-05-15,-1.03,-1.21
114,盔林,2023-05-16,-1.05,-1.24
114,盔林,2023-05-17,-1.06,-1.23
114,盔林,2023-05-18,-1.13,-1.24
114,盔林,2023-05-19,-1.15,-1.25
114,盔林,2023-05-20,-1.16,-1.25
114,盔林,2023-05-21,-1.16,-1.24
114,盔林,2023-05-22,-1.19,-1.27
114,盔林,2023-05-23,-1.19,-1.25
114,盔林,2023-05-24,-1.22,-1.27
114,盔林,2023-05-25,-1.23,-1.28
114,盔林,2023-05-26,-1.24,-1.29
114,盔林,2023-05-27,-1.13,-1.19
114,盔林,2023-05-28,-.6,-1.02
114,盔林,2023-05-29,-.23,-.75
114,盔林,2023-05-30,-.25,-.72
114,盔林,2023-05-31,-.26,-.72
114,盔林,2023-06-01,-.28,-.77
114,盔林,2023-06-02,-.3,-.78
114,盔林,2023-06-03,-.28,-.8
114,盔林,2023-06-04,-.28,-.78
114,盔林,2023-06-05,-.28,-.8
114,盔林,2023-06-06,-.3,-.82
114,盔林,2023-06-07,-.33,-.86
114,盔林,2023-06-08,-.37,-.88
114,盔林,2023-06-09,-.29,-.82
114,盔林,2023-06-10,-.23,-.76
114,盔林,2023-06-11,-.21,-.74
114,盔林,2023-06-12,-.37,-.76
114,盔林,2023-06-13,-.36,-.8
114,盔林,2023-06-14,-.37,-.81
114,盔林,2023-06-15,-.39,-.83
114,盔林,2023-06-16,-.4,-.86
114,盔林,2023-06-17,-.43,-.9
114,盔林,2023-06-18,-.53,-1
114,盔林,2023-06-19,-.57,-1.03
114,盔林,2023-06-20,-.6,-1.04
114,盔林,2023-06-21,-.31,-.77
114,盔林,2023-06-22,-.31,-.77
114,盔林,2023-06-23,-.38,-.83
114,盔林,2023-06-24,-.42,-.88
114,盔林,2023-06-25,-.5,-.92
114,盔林,2023-06-26,-.05,-.48
114,盔林,2023-06-27,-.04,-.47
114,盔林,2023-06-28,-.05,-.48
114,盔林,2023-06-29,.12,-.3
114,盔林,2023-06-30,.15,-.3
114,盔林,2023-07-01,.06,-.38
114,盔林,2023-07-02,0,-.46
114,盔林,2023-07-03,-.04,-.51
114,盔林,2023-07-04,.02,-.41
114,盔林,2023-07-05,0,-.35
114,盔林,2023-07-06,-.05,-.4
114,盔林,2023-07-07,-.07,-.42
114,盔林,2023-07-08,-.12,-.45
114,盔林,2023-07-09,0,-.34
114,盔林,2023-07-10,-.02,-.38
114,盔林,2023-07-11,.46,.14
114,盔林,2023-07-12,.39,.07
114,盔林,2023-07-13,.59,.17
114,盔林,2023-07-14,1,.61
114,盔林,2023-07-15,1.06,.66
114,盔林,2023-07-16,.94,.54
114,盔林,2023-07-17,.98,.6
114,盔林,2023-07-18,1.04,.66
114,盔林,2023-07-19,1.01,.62
114,盔林,2023-07-20,.98,.58
114,盔林,2023-07-21,.97,.56
114,盔林,2023-07-22,.88,.47
114,盔林,2023-07-23,.9,.48
114,盔林,2023-07-24,.9,.47
114,盔林,2023-07-25,.87,.43
114,盔林,2023-07-26,.88,.42
114,盔林,2023-07-27,.82,.37
114,盔林,2023-07-28,.78,.33
114,盔林,2023-07-29,.74,.29
114,盔林,2023-07-30,.73,.27
114,盔林,2023-07-31,.8,.36
114,盔林,2023-08-01,.76,.31
114,盔林,2023-08-02,.73,.27
114,盔林,2023-08-03,.69,.22
114,盔林,2023-08-04,.63,.17
114,盔林,2023-08-05,.56,.15
114,盔林,2023-08-06,.4,.16
114,盔林,2023-08-07,.37,.12
114,盔林,2023-08-08,.33,.08
114,盔林,2023-08-09,.38,.11
114,盔林,2023-08-10,.52,.24
114,盔林,2023-08-11,.51,.23
114,盔林,2023-08-12,.5,.22
114,盔林,2023-08-13,.5,.19
114,盔林,2023-08-14,.49,.16
114,盔林,2023-08-15,.46,.12
114,盔林,2023-08-16,.45,.11
114,盔林,2023-08-17,.4,.06
114,盔林,2023-08-18,.4,.04
114,盔林,2023-08-19,.38,.01
114,盔林,2023-08-20,.34,-.02
114,盔林,2023-08-21,.32,-.05
114,盔林,2023-08-22,.34,-.02
114,盔林,2023-08-23,.52,.16
114,盔林,2023-08-24,.58,.21
114,盔林,2023-08-25,.64,.27
114,盔林,2023-08-26,.63,.26
114,盔林,2023-08-27,.57,.22
114,盔林,2023-08-28,.43,.19
114,盔林,2023-08-29,.34,.2
114,盔林,2023-08-30,.41,.27
114,盔林,2023-08-31,.37,.23
114,盔林,2023-09-01,.34,.2
114,盔林,2023-09-02,.32,.16
114,盔林,2023-09-03,.31,.15
114,盔林,2023-09-04,.3,.14
114,盔林,2023-09-05,.28,.12
114,盔林,2023-09-06,.26,.11
114,盔林,2023-09-07,.26,.09
114,盔林,2023-09-08,.26,.09
114,盔林,2023-09-09,.23,.08
114,盔林,2023-09-10,.19,.06
114,盔林,2023-09-11,.14,.02
114,盔林,2023-09-12,.14,-.02
114,盔林,2023-09-13,.24,.07
114,盔林,2023-09-14,.23,.06
114,盔林,2023-09-15,.22,.04
114,盔林,2023-09-16,.21,.04
114,盔林,2023-09-17,.33,.14
114,盔林,2023-09-18,.34,.13
114,盔林,2023-09-19,.36,.13
114,盔林,2023-09-20,.55,.29
114,盔林,2023-09-21,.44,.26
114,盔林,2023-09-22,.44,.26
114,盔林,2023-09-23,.45,.25
114,盔林,2023-09-24,.47,.25
114,盔林,2023-09-25,.52,.25
114,盔林,2023-09-26,.44,.32
114,盔林,2023-09-27,.5,.36
114,盔林,2023-09-28,.5,.36
114,盔林,2023-09-29,.42,.36
114,盔林,2023-09-30,.41,.36
114,盔林,2023-10-01,.45,.36
114,盔林,2023-10-02,.49,.36
114,盔林,2023-10-03,.54,.36
114,盔林,2023-10-04,.5,.37
114,盔林,2023-10-05,.46,.33
114,盔林,2023-10-06,.48,.33
114,盔林,2023-10-07,.51,.34
114,盔林,2023-10-08,.54,.34
114,盔林,2023-10-09,.49,.34
114,盔林,2023-10-10,.5,.34
114,盔林,2023-10-11,.17,.32
114,盔林,2023-10-12,.21,.32
114,盔林,2023-10-13,.06,.33
114,盔林,2023-10-14,-.34,.34
114,盔林,2023-10-15,-.44,.33
114,盔林,2023-10-16,-.35,.33
114,盔林,2023-10-17,-.43,.33
114,盔林,2023-10-18,-.53,.33
114,盔林,2023-10-19,-.45,.37
114,盔林,2023-10-20,-.41,.37
114,盔林,2023-10-21,-.4,.37
114,盔林,2023-10-22,-.31,.37
114,盔林,2023-10-24,-.27,.38
114,盔林,2023-10-25,-.25,.38
114,盔林,2023-10-26,-.13,.47
114,盔林,2023-10-27,-.1,.48
114,盔林,2023-10-28,-.05,.48
114,盔林,2023-10-29,-.01,.47
114,盔林,2023-10-30,.01,.48
114,盔林,2023-10-31,-.1,.47
114,盔林,2023-11-01,-.05,.48
114,盔林,2023-11-02,-.01,.48
114,盔林,2023-11-03,.04,.49
114,盔林,2023-11-04,0,0
114,盔林,2023-11-05,.17,.48
114,盔林,2023-11-06,.37,.47
114,盔林,2023-11-07,.43,.49
114,盔林,2023-11-08,.47,.48
114,盔林,2023-11-09,.43,.49
114,盔林,2023-11-10,.26,.5
114,盔林,2023-11-11,.27,.5
114,盔林,2023-11-12,.29,.51
114,盔林,2023-11-13,.34,.53
114,盔林,2023-11-14,.38,.54
114,盔林,2023-11-15,.43,.53
114,盔林,2023-11-16,.49,.57
114,盔林,2023-11-17,.56,.57
114,盔林,2023-11-18,.59,.59
114,盔林,2023-11-19,.63,.59
114,盔林,2023-11-20,.7,.6
114,盔林,2023-11-21,.74,.6
114,盔林,2023-11-22,.71,.6
114,盔林,2023-11-23,.42,.6
114,盔林,2023-11-24,.33,.61
114,盔林,2023-11-25,.23,.62
114,盔林,2023-11-26,.26,.62
114,盔林,2023-11-27,.37,.61
114,盔林,2023-11-28,.42,.5
114,盔林,2023-11-29,.4,.41
114,盔林,2023-11-30,.33,.41
114,盔林,2023-12-01,.43,.43
114,盔林,2023-12-02,.52,.44
114,盔林,2023-12-03,.56,.45
114,盔林,2023-12-04,.58,.44
114,盔林,2023-12-05,.65,.45
114,盔林,2023-12-06,.76,.47
114,盔林,2023-12-07,.8,.48
114,盔林,2023-12-08,.82,.49
114,盔林,2023-12-09,.85,.47
114,盔林,2023-12-10,.96,.46
114,盔林,2023-12-11,1.16,.49
114,盔林,2023-12-12,1.23,.5
114,盔林,2023-12-13,1.02,.5
114,盔林,2023-12-14,1.23,.56
114,盔林,2023-12-15,1.44,.68
114,盔林,2023-12-16,1.38,.7
114,盔林,2023-12-17,1.44,.71
114,盔林,2023-12-18,1.49,.73
114,盔林,2023-12-19,1.54,.76
114,盔林,2023-12-20,1.1,.78
114,盔林,2023-12-21,1.35,.71
114,盔林,2023-12-22,1.38,.72
114,盔林,2023-12-23,1.38,.74
114,盔林,2023-12-24,1.51,.77
114,盔林,2023-12-25,1.49,.83
114,盔林,2023-12-26,1.2,.68
114,盔林,2023-12-27,1.04,.7
114,盔林,2023-12-28,1.05,.71
114,盔林,2023-12-29,1.12,.63
114,盔林,2023-12-30,1.32,.67
114,盔林,2023-12-31,1.35,.68
114,盔林,2024-01-01,1.37,.72
114,盔林,2024-01-02,1.39,.77
114,盔林,2024-01-03,1.39,.83
114,盔林,2024-01-04,1.33,.78
114,盔林,2024-01-05,1.42,.73
114,盔林,2024-01-06,1.44,.77
114,盔林,2024-01-07,1.43,.8
114,盔林,2024-01-08,1.42,.82
114,盔林,2024-01-09,1.44,.78
114,盔林,2024-01-10,1.53,.81
114,盔林,2024-01-11,1.56,.49
114,盔林,2024-01-12,1.71,.54
114,盔林,2024-01-13,1.74,.4
114,盔林,2024-01-14,1.77,.02
114,盔林,2024-01-15,1.79,-.07
114,盔林,2024-01-16,1.86,.02
114,盔林,2024-01-17,1.97,-.02
114,盔林,2024-01-18,2.02,-.1
114,盔林,2024-01-19,1.94,-.05
114,盔林,2024-01-20,1.96,-.02
114,盔林,2024-01-21,2,0
114,盔林,2024-01-22,2.07,.09
114,盔林,2024-01-23,2.07,.08
114,盔林,2024-01-24,2.11,.11
114,盔林,2024-01-25,2.14,.16
114,盔林,2024-01-26,1.72,.16
114,盔林,2024-01-27,1.78,.21
114,盔林,2024-01-28,1.8,.26
114,盔林,2024-01-29,1.84,.3
114,盔林,2024-01-30,1.84,.32
114,盔林,2024-01-31,1.94,.22
114,盔林,2024-02-01,1.9,.27
114,盔林,2024-02-02,1.87,.33
114,盔林,2024-02-03,1.85,.39
114,盔林,2024-02-04,1.87,.46
114,盔林,2024-02-05,1.77,.49
114,盔林,2024-02-06,.82,.48
114,盔林,2024-02-07,.85,.54
114,盔林,2024-02-08,.94,.6
114,盔林,2024-02-09,.92,.57
114,盔林,2024-02-10,.91,.4
114,盔林,2024-02-11,.9,.42
114,盔林,2024-02-12,.93,.44
114,盔林,2024-02-13,.96,.5
114,盔林,2024-02-14,.98,.55
114,盔林,2024-02-15,1.27,.67
114,盔林,2024-02-16,1.1,.7
114,盔林,2024-02-17,1.15,.77
114,盔林,2024-02-18,1.55,.9
114,盔林,2024-02-19,1.83,1.03
114,盔林,2024-02-20,1.88,1.13
114,盔林,2024-02-21,2.05,1.22
114,盔林,2024-02-22,1.99,1.18
114,盔林,2024-02-23,1.95,.9
114,盔林,2024-02-24,1.94,.83
114,盔林,2024-02-25,1.93,.75
114,盔林,2024-02-26,1.95,.77
114,盔林,2024-02-27,1.8,.85
114,盔林,2024-02-28,1.74,.9
114,盔林,2024-03-02,1.77,1.06
114,盔林,2024-03-03,1.68,1.1
114,盔林,2024-03-04,1.67,1.13
114,盔林,2024-03-05,1.68,1.2
114,盔林,2024-03-06,1.6,1.24
114,盔林,2024-03-07,1.61,1.29
114,盔林,2024-03-08,1.63,1.31
114,盔林,2024-03-09,1.58,1.35
114,盔林,2024-03-10,1.59,1.46
114,盔林,2024-03-11,1.48,1.64
114,盔林,2024-03-12,1.48,1.73
114,盔林,2024-03-13,1.51,1.55
114,盔林,2024-03-14,1.28,1.63
114,盔林,2024-03-15,.55,1.56
114,盔林,2024-03-16,.48,1.49
114,盔林,2024-03-17,.46,1.54
114,盔林,2024-03-18,.45,1.55
114,盔林,2024-03-19,.54,1.61
114,盔林,2024-03-20,.51,1.17
114,盔林,2024-03-21,.51,1.39
114,盔林,2024-03-22,.69,1.52
114,盔林,2024-03-23,.71,1.53
114,盔林,2024-03-24,.64,1.6
114,盔林,2024-03-25,.77,1.65
114,盔林,2024-03-26,1.01,1.54
114,盔林,2024-03-27,.97,1.38
114,盔林,2024-03-28,1.15,1.5
114,盔林,2024-03-29,1.12,1.54
114,盔林,2024-03-30,.81,1.56
114,盔林,2024-03-31,.69,1.49
114,盔林,2024-04-01,.67,1.48
114,盔林,2024-04-02,.63,1.47
114,盔林,2024-04-03,.62,1.49
114,盔林,2024-04-04,.62,1.42
114,盔林,2024-04-05,.55,1.46
114,盔林,2024-04-06,.49,1.43
114,盔林,2024-04-07,.46,1.39
114,盔林,2024-04-08,.44,1.36
114,盔林,2024-04-09,.38,1.34
114,盔林,2024-04-10,.34,1.38
114,盔林,2024-04-11,.3,1.37
114,盔林,2024-04-12,.24,1.37
114,盔林,2024-04-13,.19,1.33
114,盔林,2024-04-14,.1,1.28
114,盔林,2024-04-15,.4,1.47
114,盔林,2024-04-16,.4,1.47
114,盔林,2024-04-17,.27,1.49
114,盔林,2024-04-18,.16,1.5
114,盔林,2024-04-20,.08,1.37
114,盔林,2024-04-21,.16,1.43
114,盔林,2024-04-22,.13,1.46
114,盔林,2024-04-23,.1,1.42
114,盔林,2024-04-24,.33,1.53
114,盔林,2024-04-25,.29,1.5
114,盔林,2024-04-26,.22,1.17
114,盔林,2024-04-27,.19,1.18
114,盔林,2024-04-28,.14,1.13
114,盔林,2024-04-29,.08,1.08
114,盔林,2024-04-30,.02,1.07
114,盔林,2024-05-01,.01,1.05
114,盔林,2024-05-02,-.01,1.01
114,盔林,2024-05-03,-.05,.95
114,盔林,2024-05-04,-.05,.96
114,盔林,2024-05-05,.17,1.07
114,盔林,2024-05-06,.38,.68
114,盔林,2024-05-07,.28,.58
114,盔林,2024-05-08,.26,.59
114,盔林,2024-05-09,.23,.56
114,盔林,2024-05-10,.22,.55
114,盔林,2024-05-11,.44,.74
114,盔林,2024-05-12,.41,.72
114,盔林,2024-05-13,.3,.6
114,盔林,2024-05-14,.27,.58
114,盔林,2024-05-15,.45,.88
114,盔林,2024-05-16,.46,.82
114,盔林,2024-05-17,.43,.79
114,盔林,2024-05-18,.14,.73
114,盔林,2024-05-19,-.08,.7
114,盔林,2024-05-20,-.15,.68
114,盔林,2024-05-21,-.28,.68
114,盔林,2024-05-22,-.32,.67
114,盔林,2024-05-23,-.32,.67
114,盔林,2024-05-24,-.35,.65
114,盔林,2024-05-25,-.4,.61
114,盔林,2024-05-26,-.23,.73
114,盔林,2024-05-27,-.24,.69
114,盔林,2024-05-28,-.25,.68
114,盔林,2024-05-29,-.26,.7
114,盔林,2024-05-30,-.28,.69
114,盔林,2024-05-31,-.29,.67
114,盔林,2024-06-01,-.31,.64
114,盔林,2024-06-02,-.33,.61
114,盔林,2024-06-03,-.33,.59
114,盔林,2024-06-04,-.32,.59
114,盔林,2024-06-05,-.33,.58
114,盔林,2024-06-06,-.35,.5
114,盔林,2024-06-07,-.39,.48
114,盔林,2024-06-08,-.44,.46
114,盔林,2024-06-09,-.44,.44
114,盔林,2024-06-10,-.47,.4
114,盔林,2024-06-11,-.47,.3
114,盔林,2024-06-12,-.49,.27
114,盔林,2024-06-13,-.48,.26
114,盔林,2024-06-14,-.41,.16
114,盔林,2024-06-15,-.34,-.15
114,盔林,2024-06-16,-.35,-.2
114,盔林,2024-06-17,-.39,-.24
114,盔林,2024-06-18,-.48,-.32
114,盔林,2024-06-19,-.58,-.36
114,盔林,2024-06-20,-.61,-.41
114,盔林,2024-06-21,-.63,-.42
114,盔林,2024-06-22,-.08,.11
114,盔林,2024-06-23,-.03,.15
114,盔林,2024-06-24,-.08,.08
114,盔林,2024-06-25,-.23,0
114,盔林,2024-06-26,-.4,-.07
114,盔林,2024-06-27,-.45,-.15
114,盔林,2024-06-28,-.56,-.16
114,盔林,2024-06-29,-.32,.02
114,盔林,2024-06-30,-.25,-.05
114,盔林,2024-07-01,-.32,-.13
114,盔林,2024-07-02,.16,.29
114,盔林,2024-07-03,.1,.22
114,盔林,2024-07-04,.01,.13
114,盔林,2024-07-05,0,.11
114,盔林,2024-07-06,.07,.16
114,盔林,2024-07-07,.06,.14
114,盔林,2024-07-08,.33,.37
114,盔林,2024-07-09,.3,.33
114,盔林,2024-07-10,.58,.59
114,盔林,2024-07-11,.5,.5
114,盔林,2024-07-12,.42,.41
114,盔林,2024-07-13,.36,.34
114,盔林,2024-07-14,.27,.23
114,盔林,2024-07-15,.1,.15
114,盔林,2024-07-16,.16,.21
114,盔林,2024-07-17,.18,.19
114,盔林,2024-07-18,.61,.58
114,盔林,2024-07-19,.58,.53
114,盔林,2024-07-20,.55,.53
114,盔林,2024-07-21,.55,.52
114,盔林,2024-07-22,.47,.44
114,盔林,2024-07-23,.6,.56
114,盔林,2024-07-24,.84,.83
114,盔林,2024-07-25,.8,.79
114,盔林,2024-07-26,.78,.75
114,盔林,2024-07-27,.72,.69
114,盔林,2024-07-28,.76,.71
114,盔林,2024-07-29,.74,.68
114,盔林,2024-07-30,.74,.66
114,盔林,2024-07-31,.71,.64
114,盔林,2024-08-01,.67,.6
114,盔林,2024-08-02,.65,.57
114,盔林,2024-08-03,.62,.53
114,盔林,2024-08-04,.56,.47
114,盔林,2024-08-05,.75,.71
114,盔林,2024-08-06,.67,.67
114,盔林,2024-08-07,.64,.62
114,盔林,2024-08-08,.61,.59
114,盔林,2024-08-09,.58,.55
114,盔林,2024-08-10,.54,.51
114,盔林,2024-08-11,.45,.48
114,盔林,2024-08-12,.44,.47
114,盔林,2024-08-13,.44,.45
114,盔林,2024-08-14,.42,.42
114,盔林,2024-08-15,.28,.35
114,盔林,2024-08-16,.25,.33
114,盔林,2024-08-17,.25,.32
114,盔林,2024-08-18,.25,.23
114,盔林,2024-08-19,.23,.14
114,盔林,2024-08-20,.19,.08
114,盔林,2024-08-21,.22,.08
114,盔林,2024-08-22,.22,.07
114,盔林,2024-08-23,.19,.03
114,盔林,2024-08-24,.17,.01
114,盔林,2024-08-25,.14,-.03
114,盔林,2024-08-26,.07,-.04
114,盔林,2024-08-27,.03,-.09
114,盔林,2024-08-28,0,-.11
114,盔林,2024-08-29,-.03,-.15
114,盔林,2024-08-30,-.05,-.18
114,盔林,2024-08-31,-.09,-.22
114,盔林,2024-09-01,-.12,-.25
114,盔林,2024-09-02,-.15,-.28
114,盔林,2024-09-03,-.16,-.31
114,盔林,2024-09-04,-.18,-.32
114,盔林,2024-09-05,-.17,-.31
114,盔林,2024-09-06,-.19,-.32
114,盔林,2024-09-07,-.15,-.3
114,盔林,2024-09-08,-.17,-.31
114,盔林,2024-09-09,-.17,-.31
114,盔林,2024-09-10,-.18,-.33
114,盔林,2024-09-11,-.22,-.36
114,盔林,2024-09-12,.07,-.09
114,盔林,2024-09-13,.06,-.09
114,盔林,2024-09-14,.15,-.01
114,盔林,2024-09-15,.12,-.03
114,盔林,2024-09-16,.12,-.03
114,盔林,2024-09-17,.11,-.05
114,盔林,2024-09-18,.19,0
114,盔林,2024-09-19,.21,-.01
114,盔林,2024-09-20,.31,.06
114,盔林,2024-09-21,.47,.2
114,盔林,2024-09-22,.27,.17
114,盔林,2024-09-23,.25,.17
114,盔林,2024-09-24,.27,.16
114,盔林,2024-09-25,.31,.15
114,盔林,2024-09-26,.35,.11
114,盔林,2024-09-27,.38,.11
114,盔林,2024-09-28,.39,.08
114,盔林,2024-09-29,.29,.07
114,盔林,2024-09-30,.26,.08
114,盔林,2024-10-01,.31,.08
114,盔林,2024-10-02,.08,.08
114,盔林,2024-10-03,.1,.07
114,盔林,2024-10-04,.15,.07
114,盔林,2024-10-05,.16,.06
114,盔林,2024-10-06,.12,.07
114,盔林,2024-10-07,.14,.08
114,盔林,2024-10-08,-.01,.08
114,盔林,2024-10-09,0,.08
114,盔林,2024-10-10,-.21,.08
114,盔林,2024-10-11,-.16,.08
114,盔林,2024-10-12,-.11,.07
114,盔林,2024-10-13,-.06,.08
114,盔林,2024-10-14,.01,.09
114,盔林,2024-10-15,.07,.06
114,盔林,2024-10-16,.05,.05
114,盔林,2024-10-17,.05,.06
114,盔林,2024-10-18,-.11,.26
114,盔林,2024-10-19,.04,.36
114,盔林,2024-10-20,.05,.34
114,盔林,2024-10-21,.05,.34
114,盔林,2024-10-22,.22,.42
114,盔林,2024-10-23,.11,.44
114,盔林,2024-10-24,-.18,.39
114,盔林,2024-10-25,-.15,.4
114,盔林,2024-10-26,-.11,.41
114,盔林,2024-10-27,-.16,.41
114,盔林,2024-10-28,-.12,.42
114,盔林,2024-10-29,-.08,.43
114,盔林,2024-10-30,-.05,.45
114,盔林,2024-10-31,-.03,.44
114,盔林,2024-11-01,0,.44
114,盔林,2024-11-02,.03,.45
114,盔林,2024-11-03,.08,.46
114,盔林,2024-11-04,.15,.46
114,盔林,2024-11-05,-.2,.4
114,盔林,2024-11-06,-.16,.35
114,盔林,2024-11-07,-.11,.36
114,盔林,2024-11-08,-.09,.36
114,盔林,2024-11-09,-.04,.37
114,盔林,2024-11-10,0,.37
114,盔林,2024-11-11,.04,.31
114,盔林,2024-11-12,.06,.32
114,盔林,2024-11-13,.09,.34
114,盔林,2024-11-14,.14,.35
114,盔林,2024-11-15,.21,.27
114,盔林,2024-11-16,.26,.27
114,盔林,2024-11-17,.27,.28
114,盔林,2024-11-18,.3,.29
114,盔林,2024-11-19,.34,.3
114,盔林,2024-11-20,.41,.3
114,盔林,2024-11-21,.36,.31
114,盔林,2024-11-22,.38,.31
114,盔林,2024-11-23,.43,.31
114,盔林,2024-11-24,.46,.32
114,盔林,2024-11-25,.88,.43
114,盔林,2024-11-26,.76,.4
114,盔林,2024-11-27,.88,.43
114,盔林,2024-11-28,.98,.46
114,盔林,2024-11-29,1.05,.46
114,盔林,2024-11-30,1.21,.46
114,盔林,2024-12-01,1.35,.48
114,盔林,2024-12-02,1.44,.49
114,盔林,2024-12-03,1.49,.5
114,盔林,2024-12-04,1.53,.49
114,盔林,2024-12-05,1.57,.5
114,盔林,2024-12-06,1.56,.5
114,盔林,2024-12-07,1.6,.5
114,盔林,2024-12-08,1.62,.49
114,盔林,2024-12-09,1.66,.5
114,盔林,2024-12-10,1.81,.51
114,盔林,2024-12-11,1.9,.51
114,盔林,2024-12-12,1.41,.52
114,盔林,2024-12-13,1.5,.53
114,盔林,2024-12-14,1.33,.53
114,盔林,2024-12-15,1.4,.51
114,盔林,2024-12-16,1.42,.52
114,盔林,2024-12-17,1.5,.53
114,盔林,2024-12-18,1.38,.55
114,盔林,2024-12-19,1.42,.58
114,盔林,2024-12-20,1.31,.6
114,盔林,2024-12-21,.89,.63
114,盔林,2024-12-22,.92,.44
114,盔林,2024-12-23,.92,.42
114,盔林,2024-12-24,1.03,.45
114,盔林,2024-12-25,1.04,.5
114,盔林,2024-12-26,1.04,.55
114,盔林,2024-12-27,1.08,.59
114,盔林,2024-12-28,1.09,.6
114,盔林,2024-12-29,1.16,.51
114,盔林,2024-12-30,1.2,.49
114,盔林,2024-12-31,1.18,.49
114,盔林,2025-01-01,1.18,.53
114,盔林,2025-01-02,1.2,.31
114,盔林,2025-01-03,1.21,.35
114,盔林,2025-01-04,1.23,.4
114,盔林,2025-01-05,1.32,.41
114,盔林,2025-01-06,1.37,.39
114,盔林,2025-01-07,1.36,.41
114,盔林,2025-01-08,1.35,.25
114,盔林,2025-01-09,1.34,.27
114,盔林,2025-01-10,1.42,.07
114,盔林,2025-01-11,1.46,.14
114,盔林,2025-01-12,1.59,.2
114,盔林,2025-01-13,1.61,.25
114,盔林,2025-01-14,1.63,.34
114,盔林,2025-01-15,1.56,.38
114,盔林,2025-01-16,1.61,.36
114,盔林,2025-01-17,1.64,.36
114,盔林,2025-01-18,.52,-.07
114,盔林,2025-01-19,-.06,-.01
114,盔林,2025-01-20,-.07,-.01
114,盔林,2025-01-21,-.01,0
114,盔林,2025-01-22,-.7,.07
114,盔林,2025-01-23,-.81,-.06
114,盔林,2025-01-24,-.8,-.39
114,盔林,2025-01-25,-.76,-.34
114,盔林,2025-01-26,-.74,-.3
114,盔林,2025-01-27,-.56,-.32
114,盔林,2025-01-28,-.48,-.27
114,盔林,2025-01-29,-.49,-.22
114,盔林,2025-01-30,-.47,-.19
114,盔林,2025-01-31,-.38,-.15
114,盔林,2025-02-01,-.37,-.1
114,盔林,2025-02-02,-.31,-.08
114,盔林,2025-02-03,-.32,-.03
114,盔林,2025-02-04,-.34,.03
114,盔林,2025-02-05,-.32,-.33
114,盔林,2025-02-06,-.21,-.27
114,盔林,2025-02-07,-.12,-.2
114,盔林,2025-02-08,-.03,-.16
114,盔林,2025-02-09,-.01,-.11
114,盔林,2025-02-10,0,-.05
114,盔林,2025-02-11,.01,-.01
114,盔林,2025-02-12,.07,.01
114,盔林,2025-02-13,.07,.05
114,盔林,2025-02-14,.09,.1
114,盔林,2025-02-15,-.02,.15
114,盔林,2025-02-16,-.13,.18
114,盔林,2025-02-17,-.09,.2
114,盔林,2025-02-18,-.07,.23
114,盔林,2025-02-19,-.05,.27
114,盔林,2025-02-20,-.03,.35
114,盔林,2025-02-21,-.05,.29
114,盔林,2025-02-22,-.07,.3
114,盔林,2025-02-23,-.04,.35
114,盔林,2025-02-24,-.02,.39
114,盔林,2025-02-25,-.02,.46
114,盔林,2025-02-26,-1.15,.49
114,盔林,2025-02-27,-1.46,.56
114,盔林,2025-02-28,-1.68,.81
114,盔林,2025-03-01,-1.81,.91
114,盔林,2025-03-02,-1.3,1.06
114,盔林,2025-03-03,-.88,1.15
114,盔林,2025-03-04,-.7,1.21
114,盔林,2025-03-05,-.77,1.24
114,盔林,2025-03-06,-.8,1.22
114,盔林,2025-03-07,-.78,1.26
114,盔林,2025-03-08,-.78,1.28
114,盔林,2025-03-09,-.8,1.32
114,盔林,2025-03-10,-.82,1.42
114,盔林,2025-03-11,-.86,1.59
114,盔林,2025-03-12,-.89,1.04
114,盔林,2025-03-13,-.98,1.1
114,盔林,2025-03-14,-1.01,.9
114,盔林,2025-03-15,-1.03,.99
114,盔林,2025-03-16,-.78,1.1
114,盔林,2025-03-17,-.8,1.17
114,盔林,2025-03-18,-.89,.99
114,盔林,2025-03-19,-.93,1
114,盔林,2025-03-20,-.99,.79
114,盔林,2025-03-21,-1.1,.23
114,盔林,2025-03-22,-1.12,.24
114,盔林,2025-03-23,-1.27,.22
114,盔林,2025-03-24,-1.31,.25
114,盔林,2025-03-25,-1.34,.24
114,盔林,2025-03-26,-1.44,.23
114,盔林,2025-03-27,-1.43,.24
114,盔林,2025-03-28,-1.42,.24
114,盔林,2025-03-29,-1.4,.28
114,盔林,2025-03-30,-1.4,.3
114,盔林,2025-03-31,-1.4,.26
114,盔林,2025-04-01,-1.43,.26
114,盔林,2025-04-02,-1.45,.26
114,盔林,2025-04-03,-1.45,.23
114,盔林,2025-04-04,-1.47,.26
114,盔林,2025-04-05,-.97,.55
114,盔林,2025-04-06,-1.08,.53
114,盔林,2025-04-07,-1.07,.49
114,盔林,2025-04-08,-1.07,.47
114,盔林,2025-04-09,-1.1,.47
114,盔林,2025-04-10,-1.16,.5
114,盔林,2025-04-11,-1.22,.5
114,盔林,2025-04-12,-1,.64
114,盔林,2025-04-13,-.63,.78
114,盔林,2025-04-14,-.59,.79
114,盔林,2025-04-15,-.64,.68
114,盔林,2025-04-16,-.66,.67
114,盔林,2025-04-17,-.71,.66
114,盔林,2025-04-18,-.8,-.29
114,盔林,2025-04-19,-.71,-.68
114,盔林,2025-04-20,-.71,-.7
114,盔林,2025-04-21,-.76,-.68
114,盔林,2025-04-22,-.22,-.71
114,盔林,2025-04-23,-.25,-.79
114,盔林,2025-04-24,-.28,-.79
114,盔林,2025-04-25,-.32,-.79
114,盔林,2025-04-26,-.42,-.87
114,盔林,2025-04-27,-.59,-.91
114,盔林,2025-04-28,-.62,-.89
114,盔林,2025-04-29,-.69,-.95
114,盔林,2025-04-30,-.77,-.97
114,盔林,2025-05-01,-.5,-.74
114,盔林,2025-05-02,-.52,-.71
114,盔林,2025-05-03,-.33,-.55
114,盔林,2025-05-04,-.33,-.57
114,盔林,2025-05-05,-.37,-.6
114,盔林,2025-05-06,-.49,-.66
114,盔林,2025-05-07,-.59,-.69
114,盔林,2025-05-22,-.42,-.49
114,盔林,2025-05-23,-.41,-.47
114,盔林,2025-05-24,-.36,-.42
114,盔林,2025-05-25,-.39,-.44
114,盔林,2025-05-26,-.41,-.9
114,盔林,2025-06-03,-.75,-1.23
114,盔林,2025-06-04,-.81,-1.21
114,盔林,2025-06-05,-.82,-1.23
114,盔林,2025-06-06,-.85,-1.25
114,盔林,2025-06-07,-.88,-1.29
114,盔林,2025-06-08,-.95,-1.33
114,盔林,2025-06-09,-.94,-1.35
114,盔林,2025-06-10,-.97,-1.39
114,盔林,2025-06-11,-.97,-1.39
114,盔林,2025-06-12,-.99,-1.4
114,盔林,2025-06-13,-.94,-1.38
114,盔林,2025-06-14,-.91,-1.34
114,盔林,2025-06-15,-.61,-1.04
114,盔林,2025-06-16,-.29,-.65
114,盔林,2025-06-17,-.21,-.59
114,盔林,2025-06-18,-.3,-.67
114,盔林,2025-06-19,-.34,-.71
114,盔林,2025-06-20,0,-.37
114,盔林,2025-06-21,.31,-.07
114,盔林,2025-06-22,.28,-.1
114,盔林,2025-06-23,.25,-.15
114,盔林,2025-06-24,.2,-.21
114,盔林,2025-06-25,.16,-.23
114,盔林,2025-06-26,.09,-.29
114,盔林,2025-06-27,.02,-.36
114,盔林,2025-06-28,.01,-.38
114,盔林,2025-06-29,-.07,-.47
114,盔林,2025-06-30,-.14,-.56
114,盔林,2025-07-01,-.19,-.61
114,盔林,2025-07-02,-.28,-.71
114,盔林,2025-07-03,-.3,-.74
114,盔林,2025-07-04,-.39,-.83
114,盔林,2025-07-05,-.57,-.87
114,盔林,2025-07-06,-.62,-.93
114,盔林,2025-07-07,-.65,-.92
114,盔林,2025-07-08,-.69,-.94
114,盔林,2025-07-09,-.74,-1
114,盔林,2025-07-10,-.83,-1.11
114,盔林,2025-07-11,-.92,-1.19
114,盔林,2025-07-12,-1.01,-1.23
114,盔林,2025-07-13,-1.17,-1.3
114,盔林,2025-07-14,-1.1,-1.23
114,盔林,2025-07-15,-.99,-1.13
114,盔林,2025-07-16,-.77,-.93
114,盔林,2025-07-17,-.36,-.55
114,盔林,2025-07-18,-.35,-.55
114,盔林,2025-07-19,-.03,-.22
114,盔林,2025-07-20,-.06,-.25
114,盔林,2025-07-21,-.09,-.28
114,盔林,2025-07-22,-.27,-.35
114,盔林,2025-07-23,-.32,-.4
114,盔林,2025-07-24,-.39,-.48
114,盔林,2025-07-25,-.44,-.53
114,盔林,2025-07-26,-.48,-.58
114,盔林,2025-07-27,-.49,-.62
114,盔林,2025-07-28,-.51,-.66
114,盔林,2025-07-29,-.54,-.7
114,盔林,2025-07-30,-.56,-.73
114,盔林,2025-07-31,-.58,-.76
114,盔林,2025-08-01,-.7,-.81
114,盔林,2025-08-02,-.76,-.87
114,盔林,2025-08-03,-.84,-.89
114,盔林,2025-08-04,-.85,-.89
114,盔林,2025-08-05,-.88,-.93
114,盔林,2025-08-06,-.86,-.94
114,盔林,2025-08-07,-.89,-1
114,盔林,2025-08-08,-.92,-1.02
114,盔林,2025-08-09,-1,-1.07
114,盔林,2025-08-10,-1.09,-1.13
114,盔林,2025-08-11,-1.09,-1.14
114,盔林,2025-08-12,-1.09,-1.15
114,盔林,2025-08-13,-.72,-.88
114,盔林,2025-08-14,-.73,-.9
114,盔林,2025-08-15,-.8,-.95
114,盔林,2025-08-16,-.88,-.96
114,盔林,2025-08-17,-.93,-.99
114,盔林,2025-08-18,-.92,-1.02
114,盔林,2025-08-19,-.92,-1.04
114,盔林,2025-08-20,-.95,-1.09
114,盔林,2025-08-21,-.99,-1.13
114,盔林,2025-08-22,-1.02,-1.15
114,盔林,2025-08-23,-1.06,-1.19
114,盔林,2025-08-24,-1.11,-1.21
114,盔林,2025-08-25,-1.12,-1.23
114,盔林,2025-08-26,-1.07,-1.19
114,盔林,2025-08-27,-1.15,-1.25
114,盔林,2025-08-28,-1.2,-1.29
114,盔林,2025-08-29,-1.24,-1.34
114,盔林,2025-08-30,-1.22,-1.33
114,盔林,2025-08-31,-1.24,-1.35
114,盔林,2025-09-01,-1.23,-1.34
114,盔林,2025-09-02,-1.26,-1.41
114,盔林,2025-09-03,-1.29,-1.47
114,盔林,2025-09-04,-1.31,-1.5
114,盔林,2025-09-05,-1.33,-1.51
114,盔林,2025-09-06,-1.25,-1.44
114,盔林,2025-09-07,-1.2,-1.41
114,盔林,2025-09-08,-1.2,-1.41
114,盔林,2025-09-09,-1.18,-1.41
114,盔林,2025-09-10,-1.21,-1.43
114,盔林,2025-09-11,-1.22,-1.45
114,盔林,2025-09-12,-1.16,-1.4
114,盔林,2025-09-13,-.92,-1.18
114,盔林,2025-09-14,-.95,-1.2
114,盔林,2025-09-15,-1.08,-1.21
114,盔林,2025-09-16,-1.08,-1.11
114,盔林,2025-09-17,-.97,-1
114,盔林,2025-09-18,-.93,-.99
114,盔林,2025-09-19,-.88,-.95
114,盔林,2025-09-20,-.7,-.67
114,盔林,2025-09-21,-.88,-.7
114,盔林,2025-09-22,-.88,-.71
114,盔林,2025-09-23,-.87,-.7
114,盔林,2025-09-24,-.83,-.69
114,盔林,2025-09-25,-.81,-.67
114,盔林,2025-09-26,-.77,-.68
114,盔林,2025-09-27,-.76,-.68
114,盔林,2025-09-28,-.64,-.59
114,盔林,2025-09-29,-.61,-.6
114,盔林,2025-09-30,-.56,-.59
114,盔林,2025-10-01,-.53,-.6
114,盔林,2025-10-02,-.49,-.6
114,盔林,2025-10-03,-.47,-.58
114,盔林,2025-10-04,-.38,-.58
114,盔林,2025-10-05,-.32,-.63
114,盔林,2025-10-06,-.08,-.44
114,盔林,2025-10-07,-.05,-.42
114,盔林,2025-10-08,-.01,-.41
114,盔林,2025-10-09,.03,-.42
114,盔林,2025-10-10,.1,-.39
114,盔林,2025-10-11,.16,-.38
114,盔林,2025-10-12,.22,-.41
114,盔林,2025-10-13,.41,-.31
114,盔林,2025-10-14,.44,-.3
114,盔林,2025-10-15,.43,-.28
114,盔林,2025-10-16,.4,-.22
114,盔林,2025-10-17,.19,-.18
114,盔林,2025-10-18,.25,-.13
114,盔林,2025-10-19,-.03,-.15
114,盔林,2025-10-20,0,-.15
114,盔林,2025-10-21,.01,-.16
114,盔林,2025-10-22,.07,-.24
114,盔林,2025-10-23,.12,-.24
114,盔林,2025-10-24,.19,-.23
114,盔林,2025-10-25,.23,-.23
114,盔林,2025-10-26,.27,-.22
114,盔林,2025-10-27,.31,-.22
114,盔林,2025-10-28,.35,-.21
114,盔林,2025-10-29,.39,-.2
114,盔林,2025-10-30,.41,-.2
114,盔林,2025-10-31,.42,-.21
211,牢力,2023-01-01,0,0
211,牢力,2023-01-02,1.68,1.06
211,牢力,2023-01-03,.42,1.12
211,牢力,2023-01-04,-.32,1.15
211,牢力,2023-01-05,-.3,1.16
211,牢力,2023-01-06,-.29,1.17
211,牢力,2023-01-07,-.21,1.18
211,牢力,2023-01-08,-.21,1.19
211,牢力,2023-01-09,-.47,1.25
211,牢力,2023-01-10,-.42,1.3
211,牢力,2023-01-11,-.37,1.21
211,牢力,2023-01-12,-.33,1.29
211,牢力,2023-01-13,.48,1.26
211,牢力,2023-01-14,.5,1.3
211,牢力,2023-01-15,.69,1.39
211,牢力,2023-01-16,.72,1.45
211,牢力,2023-01-17,.73,1.46
211,牢力,2023-01-18,.73,1.5
211,牢力,2023-01-19,.76,1.52
211,牢力,2023-01-20,.78,1.54
211,牢力,2023-01-21,.78,1.47
211,牢力,2023-01-22,.84,1.51
211,牢力,2023-01-23,.9,1.53
211,牢力,2023-01-24,.94,1.56
211,牢力,2023-01-25,.97,1.55
211,牢力,2023-01-26,.98,1.58
211,牢力,2023-01-27,1.04,1.58
211,牢力,2023-01-28,1.1,1.6
211,牢力,2023-01-29,1.13,1.61
211,牢力,2023-01-30,1.14,1.62
211,牢力,2023-01-31,1.2,1.6
211,牢力,2023-02-01,1.16,1.62
211,牢力,2023-02-02,1.18,1.6
211,牢力,2023-02-03,1.16,1.54
211,牢力,2023-02-04,1.19,1.48
211,牢力,2023-02-05,1.26,1.53
211,牢力,2023-02-06,1.34,1.59
211,牢力,2023-02-07,1.42,1.63
211,牢力,2023-02-08,1.5,1.44
211,牢力,2023-02-09,1.56,.96
211,牢力,2023-02-10,1.57,.9
211,牢力,2023-02-11,1.59,.83
211,牢力,2023-02-12,.79,.88
211,牢力,2023-02-13,.8,.85
211,牢力,2023-02-14,.81,.82
211,牢力,2023-02-15,.79,.76
211,牢力,2023-02-16,.75,.79
211,牢力,2023-02-17,.78,.82
211,牢力,2023-02-18,.8,.84
211,牢力,2023-02-19,.87,.88
211,牢力,2023-02-20,.9,.98
211,牢力,2023-02-21,.89,1.05
211,牢力,2023-02-22,.84,1.05
211,牢力,2023-02-23,.72,1.13
211,牢力,2023-02-24,.75,1.21
211,牢力,2023-02-25,.74,1.32
211,牢力,2023-02-26,.75,1.34
211,牢力,2023-02-27,.72,1.35
211,牢力,2023-02-28,-.06,1.45
211,牢力,2023-03-01,-.1,1.66
211,牢力,2023-03-02,-.11,1.78
211,牢力,2023-03-03,-.15,1.83
211,牢力,2023-03-04,-.15,1.7
211,牢力,2023-03-05,-.2,.59
211,牢力,2023-03-06,-.22,.1
211,牢力,2023-03-07,-.2,.13
211,牢力,2023-03-08,-.2,.14
211,牢力,2023-03-09,-.16,.18
211,牢力,2023-03-10,-.14,.27
211,牢力,2023-03-11,-.14,.38
211,牢力,2023-03-12,.34,.63
211,牢力,2023-03-13,.29,.7
211,牢力,2023-03-14,.3,.74
211,牢力,2023-03-15,.25,.79
211,牢力,2023-03-16,.25,.8
211,牢力,2023-03-17,.23,.88
211,牢力,2023-03-18,.21,.96
211,牢力,2023-03-19,.19,1.02
211,牢力,2023-03-20,.16,1.09
211,牢力,2023-03-21,.08,1.19
211,牢力,2023-03-22,.09,1.19
211,牢力,2023-03-23,.04,1.17
211,牢力,2023-03-24,.01,1.22
211,牢力,2023-03-25,0,1.22
211,牢力,2023-03-26,-.07,1.22
211,牢力,2023-03-27,-.1,1.23
211,牢力,2023-03-28,-.11,1.22
211,牢力,2023-03-29,-.13,1.25
211,牢力,2023-03-30,-.15,1.24
211,牢力,2023-03-31,-.2,1.22
211,牢力,2023-04-01,-.23,1.25
211,牢力,2023-04-02,-.27,1.17
211,牢力,2023-04-03,-.33,.02
211,牢力,2023-04-04,-.34,-.55
211,牢力,2023-04-05,.55,.05
211,牢力,2023-04-06,.55,.07
211,牢力,2023-04-07,.43,.04
211,牢力,2023-04-08,.42,.03
211,牢力,2023-04-09,.38,-.16
211,牢力,2023-04-10,.32,-.18
211,牢力,2023-04-11,.65,.1
211,牢力,2023-04-12,.55,.07
211,牢力,2023-04-13,-.32,.05
211,牢力,2023-04-14,-.37,.02
211,牢力,2023-04-15,-.47,.1
211,牢力,2023-04-16,-.38,.16
211,牢力,2023-04-17,-.42,.14
211,牢力,2023-04-18,-.24,.26
211,牢力,2023-04-19,-.32,.21
211,牢力,2023-04-20,-.36,.19
211,牢力,2023-04-21,-.4,.17
211,牢力,2023-04-22,-.47,.15
211,牢力,2023-04-23,-.5,.13
211,牢力,2023-04-24,-.55,.1
211,牢力,2023-04-25,-.57,.1
211,牢力,2023-04-26,-.64,.06
211,牢力,2023-04-27,-.66,.05
211,牢力,2023-04-28,-.71,.05
211,牢力,2023-04-29,-.4,.27
211,牢力,2023-04-30,-.45,.25
211,牢力,2023-05-01,-.43,.26
211,牢力,2023-05-02,-.45,.26
211,牢力,2023-05-03,-.5,.23
211,牢力,2023-05-04,-.51,.23
211,牢力,2023-05-05,.01,.63
211,牢力,2023-05-06,.55,1.07
211,牢力,2023-05-07,.41,.95
211,牢力,2023-05-08,.39,.96
211,牢力,2023-05-09,.33,.94
211,牢力,2023-05-11,.24,.87
211,牢力,2023-05-12,.17,.43
211,牢力,2023-05-13,.05,.3
211,牢力,2023-05-14,.03,.28
211,牢力,2023-05-15,.02,.26
211,牢力,2023-05-16,-.01,.21
211,牢力,2023-05-17,-.03,.19
211,牢力,2023-05-18,-.1,.14
211,牢力,2023-05-19,-.17,.1
211,牢力,2023-05-20,-.19,.09
211,牢力,2023-05-21,-.19,.08
211,牢力,2023-05-22,-.2,.07
211,牢力,2023-05-23,-.22,.01
211,牢力,2023-05-24,-.24,0
211,牢力,2023-05-25,-.29,-.03
211,牢力,2023-05-26,-.3,-.04
211,牢力,2023-05-27,-.04,.17
211,牢力,2023-05-28,.26,.15
211,牢力,2023-05-29,.31,.16
211,牢力,2023-05-30,.28,.15
211,牢力,2023-05-31,.25,.13
211,牢力,2023-06-01,.24,.11
211,牢力,2023-06-02,.2,.07
211,牢力,2023-06-03,.2,.04
211,牢力,2023-06-04,.19,.04
211,牢力,2023-06-05,.19,.02
211,牢力,2023-06-06,.17,0
211,牢力,2023-06-07,.14,-.01
211,牢力,2023-06-08,.12,-.03
211,牢力,2023-06-09,.24,.09
211,牢力,2023-06-10,.32,.18
211,牢力,2023-06-11,.43,.28
211,牢力,2023-06-12,.21,.24
211,牢力,2023-06-13,.2,.22
211,牢力,2023-06-14,.18,.2
211,牢力,2023-06-15,.17,.17
211,牢力,2023-06-16,.16,.16
211,牢力,2023-06-17,.14,.14
211,牢力,2023-06-18,.09,.1
211,牢力,2023-06-19,.06,.06
211,牢力,2023-06-20,.03,.02
211,牢力,2023-06-21,.16,.12
211,牢力,2023-06-22,.14,.1
211,牢力,2023-06-23,.1,.04
211,牢力,2023-06-24,.05,0
211,牢力,2023-06-25,-.02,-.06
211,牢力,2023-06-26,.63,.53
211,牢力,2023-06-27,.8,.69
211,牢力,2023-06-28,.79,.67
211,牢力,2023-06-29,1.04,.93
211,牢力,2023-06-30,1.12,.99
211,牢力,2023-07-01,.99,.87
211,牢力,2023-07-02,.9,.78
211,牢力,2023-07-03,.83,.7
211,牢力,2023-07-04,.88,.76
211,牢力,2023-07-05,.82,.86
211,牢力,2023-07-06,.8,.85
211,牢力,2023-07-07,.79,.8
211,牢力,2023-07-08,.75,.77
211,牢力,2023-07-09,.73,.74
211,牢力,2023-07-10,.77,.77
211,牢力,2023-07-11,.73,.79
211,牢力,2023-07-12,.64,.68
211,牢力,2023-07-13,.84,.75
211,牢力,2023-07-14,.86,.77
211,牢力,2023-07-15,.81,.7
211,牢力,2023-07-16,.74,.64
211,牢力,2023-07-17,.71,.6
211,牢力,2023-07-18,.67,.58
211,牢力,2023-07-19,.66,.56
211,牢力,2023-07-20,.65,.53
211,牢力,2023-07-21,.63,.51
211,牢力,2023-07-22,.59,.45
211,牢力,2023-07-23,.61,.46
211,牢力,2023-07-24,.69,.53
211,牢力,2023-07-25,.65,.48
211,牢力,2023-07-26,.67,.49
211,牢力,2023-07-27,.57,.4
211,牢力,2023-07-28,.54,.36
211,牢力,2023-07-29,.46,.33
211,牢力,2023-07-30,.47,.32
211,牢力,2023-07-31,.44,.3
211,牢力,2023-08-01,.39,.25
211,牢力,2023-08-02,.33,.19
211,牢力,2023-08-03,.29,.14
211,牢力,2023-08-04,.25,.11
211,牢力,2023-08-05,.1,.06
211,牢力,2023-08-06,-.06,.03
211,牢力,2023-08-07,-.08,-.01
211,牢力,2023-08-08,-.11,-.05
211,牢力,2023-08-09,-.11,-.05
211,牢力,2023-08-10,.18,.19
211,牢力,2023-08-11,.16,.17
211,牢力,2023-08-12,.17,.16
211,牢力,2023-08-13,.17,.13
211,牢力,2023-08-14,.14,.1
211,牢力,2023-08-15,.1,.05
211,牢力,2023-08-16,.09,.03
211,牢力,2023-08-17,.08,.01
211,牢力,2023-08-18,.08,0
211,牢力,2023-08-19,.07,-.03
211,牢力,2023-08-20,.03,-.08
211,牢力,2023-08-21,-.01,-.12
211,牢力,2023-08-22,.04,-.07
211,牢力,2023-08-23,.27,.15
211,牢力,2023-08-24,.27,.14
211,牢力,2023-08-25,.27,.13
211,牢力,2023-08-26,.25,.11
211,牢力,2023-08-27,.13,.06
211,牢力,2023-08-28,.04,.06
211,牢力,2023-08-29,.08,.12
211,牢力,2023-08-30,.13,.16
211,牢力,2023-08-31,.11,.13
211,牢力,2023-09-01,.06,.08
211,牢力,2023-09-02,.02,.03
211,牢力,2023-09-03,.02,.03
211,牢力,2023-09-04,.02,.02
211,牢力,2023-09-05,0,0
211,牢力,2023-09-06,-.02,-.01
211,牢力,2023-09-07,-.02,-.02
211,牢力,2023-09-08,-.02,-.03
211,牢力,2023-09-09,-.07,-.04
211,牢力,2023-09-10,-.14,-.07
211,牢力,2023-09-11,-.2,-.09
211,牢力,2023-09-12,-.2,-.16
211,牢力,2023-09-13,-.04,-.02
211,牢力,2023-09-14,-.04,-.03
211,牢力,2023-09-15,-.05,-.04
211,牢力,2023-09-16,-.05,-.04
211,牢力,2023-09-17,.1,.09
211,牢力,2023-09-18,.1,.07
211,牢力,2023-09-19,.1,.07
211,牢力,2023-09-20,.17,.12
211,牢力,2023-09-21,.11,.1
211,牢力,2023-09-22,.11,.1
211,牢力,2023-09-23,.13,.11
211,牢力,2023-09-24,.14,.1
211,牢力,2023-09-25,.18,.11
211,牢力,2023-09-26,-.06,.15
211,牢力,2023-09-27,-.15,.16
211,牢力,2023-09-28,-.13,.16
211,牢力,2023-09-29,-.32,.16
211,牢力,2023-09-30,-.38,.17
211,牢力,2023-10-01,-.33,.17
211,牢力,2023-10-02,-.3,.16
211,牢力,2023-10-03,-.27,.16
211,牢力,2023-10-04,-.35,.16
211,牢力,2023-10-05,-.46,.05
211,牢力,2023-10-06,-.46,.05
211,牢力,2023-10-07,-.45,.05
211,牢力,2023-10-08,-.4,.05
211,牢力,2023-10-09,-.38,.06
211,牢力,2023-10-10,-.44,.06
211,牢力,2023-10-11,-.5,.01
211,牢力,2023-10-12,-.45,.02
211,牢力,2023-10-13,-.69,.02
211,牢力,2023-10-14,-.75,.03
211,牢力,2023-10-15,-.73,.02
211,牢力,2023-10-16,-.68,0
211,牢力,2023-10-17,-.65,.01
211,牢力,2023-10-18,-.64,-.01
211,牢力,2023-10-19,-.6,0
211,牢力,2023-10-20,-.57,0
211,牢力,2023-10-21,-.55,.01
211,牢力,2023-10-22,-.5,.01
211,牢力,2023-10-24,-.63,.02
211,牢力,2023-10-25,-.53,.02
211,牢力,2023-10-26,-.54,.04
211,牢力,2023-10-27,-.41,.04
211,牢力,2023-10-28,-.36,.04
211,牢力,2023-10-29,-.33,0
211,牢力,2023-10-30,-.32,0
211,牢力,2023-10-31,-.28,0
211,牢力,2023-11-01,-.25,0
211,牢力,2023-11-02,-.19,0
211,牢力,2023-11-03,-.08,.05
211,牢力,2023-11-04,0,0
211,牢力,2023-11-05,.03,0
211,牢力,2023-11-06,.32,.06
211,牢力,2023-11-07,.37,.08
211,牢力,2023-11-08,.4,.08
211,牢力,2023-11-09,.42,.09
211,牢力,2023-11-10,.08,.09
211,牢力,2023-11-11,.11,.1
211,牢力,2023-11-12,.13,.11
211,牢力,2023-11-13,.17,.14
211,牢力,2023-11-14,.21,.14
211,牢力,2023-11-15,.28,.15
211,牢力,2023-11-16,.34,.18
211,牢力,2023-11-17,.36,.18
211,牢力,2023-11-18,.38,.2
211,牢力,2023-11-19,.43,.21
211,牢力,2023-11-20,.5,.21
211,牢力,2023-11-21,.57,.21
211,牢力,2023-11-22,.49,.22
211,牢力,2023-11-23,.14,.22
211,牢力,2023-11-24,.15,.23
211,牢力,2023-11-25,.17,.24
211,牢力,2023-11-26,.21,.24
211,牢力,2023-11-27,.35,.2
211,牢力,2023-11-28,.36,.12
211,牢力,2023-11-29,.22,.09
211,牢力,2023-11-30,.19,.1
211,牢力,2023-12-01,.34,.12
211,牢力,2023-12-02,.48,.13
211,牢力,2023-12-03,.51,.14
211,牢力,2023-12-04,.53,.14
211,牢力,2023-12-05,.65,.14
211,牢力,2023-12-06,.77,.18
211,牢力,2023-12-07,.8,.18
211,牢力,2023-12-08,.82,.19
211,牢力,2023-12-09,.87,.15
211,牢力,2023-12-10,1.01,.12
211,牢力,2023-12-11,1.22,.11
211,牢力,2023-12-12,1.26,.13
211,牢力,2023-12-13,.89,.13
211,牢力,2023-12-14,1.02,.17
211,牢力,2023-12-15,1.24,.25
211,牢力,2023-12-16,.99,.27
211,牢力,2023-12-17,.95,.27
211,牢力,2023-12-18,1.03,.29
211,牢力,2023-12-19,1.14,.3
211,牢力,2023-12-20,.99,.32
211,牢力,2023-12-21,1.11,.28
211,牢力,2023-12-22,1.1,.29
211,牢力,2023-12-23,1.09,.31
211,牢力,2023-12-24,1.19,.33
211,牢力,2023-12-25,1.13,.37
211,牢力,2023-12-26,.98,.09
211,牢力,2023-12-27,.91,0
211,牢力,2023-12-28,.91,.01
211,牢力,2023-12-29,.97,-.15
211,牢力,2023-12-30,1.08,-.19
211,牢力,2023-12-31,1.12,-.18
211,牢力,2024-01-01,1.17,-.12
211,牢力,2024-01-02,1.22,-.08
211,牢力,2024-01-03,1.31,-.04
211,牢力,2024-01-04,1.33,-.11
211,牢力,2024-01-05,1.4,-.21
211,牢力,2024-01-06,1.47,-.2
211,牢力,2024-01-07,1.44,-.19
211,牢力,2024-01-08,1.42,-.14
211,牢力,2024-01-09,1.38,-.13
211,牢力,2024-01-10,1.41,-.18
211,牢力,2024-01-11,1.44,-.22
211,牢力,2024-01-12,1.55,-.15
211,牢力,2024-01-13,1.56,-.37
211,牢力,2024-01-14,1.62,-.41
211,牢力,2024-01-15,1.63,-.39
211,牢力,2024-01-16,1.66,-.34
211,牢力,2024-01-17,1.72,-.3
211,牢力,2024-01-18,1.68,-.29
211,牢力,2024-01-19,1.69,-.25
211,牢力,2024-01-20,1.67,-.22
211,牢力,2024-01-21,1.65,-.19
211,牢力,2024-01-22,1.75,-.13
211,牢力,2024-01-23,1.84,-.14
211,牢力,2024-01-24,1.9,-.23
211,牢力,2024-01-25,1.93,-.15
211,牢力,2024-01-26,1.91,-.16
211,牢力,2024-01-27,1.98,-.06
211,牢力,2024-01-28,2.02,-.01
211,牢力,2024-01-29,2.01,.01
211,牢力,2024-01-30,2.02,.02
211,牢力,2024-01-31,2.1,.05
211,牢力,2024-02-01,2.05,.09
211,牢力,2024-02-02,2.03,.16
211,牢力,2024-02-03,1.77,.21
211,牢力,2024-02-04,1.81,.25
211,牢力,2024-02-05,1.68,.3
211,牢力,2024-02-06,.49,.35
211,牢力,2024-02-07,.55,.41
211,牢力,2024-02-08,.64,.45
211,牢力,2024-02-09,.62,.48
211,牢力,2024-02-10,.62,.14
211,牢力,2024-02-11,.64,.17
211,牢力,2024-02-12,.69,.19
211,牢力,2024-02-13,.7,.23
211,牢力,2024-02-14,.71,.28
211,牢力,2024-02-15,1.27,.46
211,牢力,2024-02-16,1.07,.49
211,牢力,2024-02-17,1.09,.51
211,牢力,2024-02-18,1.18,.55
211,牢力,2024-02-19,1.65,.71
211,牢力,2024-02-20,1.69,.8
211,牢力,2024-02-21,1.75,.89
211,牢力,2024-02-22,1.72,.82
211,牢力,2024-02-23,1.7,.51
211,牢力,2024-02-24,1.71,.53
211,牢力,2024-02-25,1.71,.58
211,牢力,2024-02-26,1.76,.61
211,牢力,2024-02-27,1.56,.7
211,牢力,2024-02-28,1.52,.72
211,牢力,2024-03-02,1.53,.91
211,牢力,2024-03-03,1.46,.94
211,牢力,2024-03-04,1.47,.97
211,牢力,2024-03-05,1.47,1.08
211,牢力,2024-03-06,1.36,1.14
211,牢力,2024-03-07,1.42,1.2
211,牢力,2024-03-08,1.44,1.22
211,牢力,2024-03-09,1.43,1.27
211,牢力,2024-03-10,1.44,1.44
211,牢力,2024-03-11,1.28,1.57
211,牢力,2024-03-12,1.26,1.61
211,牢力,2024-03-13,1.24,1.29
211,牢力,2024-03-14,1.08,1.32
211,牢力,2024-03-15,.56,1.29
211,牢力,2024-03-16,.47,1.03
211,牢力,2024-03-17,.45,.96
211,牢力,2024-03-18,.45,1.03
211,牢力,2024-03-19,.59,1.16
211,牢力,2024-03-20,.62,1.04
211,牢力,2024-03-21,.62,1.13
211,牢力,2024-03-22,.89,1.29
211,牢力,2024-03-23,.94,1.31
211,牢力,2024-03-24,.91,1.35
211,牢力,2024-03-25,.99,1.35
211,牢力,2024-03-26,1.11,1.28
211,牢力,2024-03-27,1.07,1.22
211,牢力,2024-03-28,1.1,1.23
211,牢力,2024-03-29,1.11,1.26
211,牢力,2024-03-30,.85,1.22
211,牢力,2024-03-31,.74,1.2
211,牢力,2024-04-01,.72,1.22
211,牢力,2024-04-02,.68,1.24
211,牢力,2024-04-03,.58,1.24
211,牢力,2024-04-04,.58,1.26
211,牢力,2024-04-05,.51,1.35
211,牢力,2024-04-06,.45,1.36
211,牢力,2024-04-07,.46,1.33
211,牢力,2024-04-08,.45,1.29
211,牢力,2024-04-09,.4,1.24
211,牢力,2024-04-10,.34,1.25
211,牢力,2024-04-11,.3,1.26
211,牢力,2024-04-12,.2,1.21
211,牢力,2024-04-13,.16,1.18
211,牢力,2024-04-14,.05,1.14
211,牢力,2024-04-15,.28,1.26
211,牢力,2024-04-16,.26,1.24
211,牢力,2024-04-17,.16,1.22
211,牢力,2024-04-18,.07,1.19
211,牢力,2024-04-20,-.03,1.1
211,牢力,2024-04-21,.07,1.16
211,牢力,2024-04-22,.01,1.17
211,牢力,2024-04-23,-.01,1.18
211,牢力,2024-04-24,0,1.16
211,牢力,2024-04-25,-.05,1.13
211,牢力,2024-04-26,-.14,1.07
211,牢力,2024-04-27,-.17,1.07
211,牢力,2024-04-28,-.22,1.04
211,牢力,2024-04-29,-.3,.98
211,牢力,2024-04-30,-.36,.96
211,牢力,2024-05-01,-.36,.94
211,牢力,2024-05-02,-.38,.9
211,牢力,2024-05-03,-.43,.72
211,牢力,2024-05-04,-.44,.73
211,牢力,2024-05-05,.01,.93
211,牢力,2024-05-06,.22,.36
211,牢力,2024-05-07,.25,.39
211,牢力,2024-05-08,.22,.41
211,牢力,2024-05-09,.17,.36
211,牢力,2024-05-10,.14,.32
211,牢力,2024-05-11,.37,.53
211,牢力,2024-05-12,.3,.49
211,牢力,2024-05-13,.17,.36
211,牢力,2024-05-14,.14,.33
211,牢力,2024-05-15,.12,.57
211,牢力,2024-05-16,.16,.52
211,牢力,2024-05-17,.13,.48
211,牢力,2024-05-18,.03,.44
211,牢力,2024-05-19,-.27,.4
211,牢力,2024-05-20,-.3,.4
211,牢力,2024-05-21,-.35,.39
211,牢力,2024-05-22,-.4,.39
211,牢力,2024-05-23,-.42,.37
211,牢力,2024-05-24,-.45,.34
211,牢力,2024-05-25,-.53,.3
211,牢力,2024-05-26,-.46,.35
211,牢力,2024-05-27,-.47,.27
211,牢力,2024-05-28,-.46,.25
211,牢力,2024-05-29,-.47,.27
211,牢力,2024-05-30,-.49,.26
211,牢力,2024-05-31,-.51,.24
211,牢力,2024-06-01,-.49,.24
211,牢力,2024-06-02,-.53,.2
211,牢力,2024-06-03,-.53,.17
211,牢力,2024-06-04,-.54,.17
211,牢力,2024-06-05,-.56,.15
211,牢力,2024-06-06,-.6,.05
211,牢力,2024-06-07,-.68,.03
211,牢力,2024-06-08,-.71,0
211,牢力,2024-06-09,-.73,0
211,牢力,2024-06-10,-.74,-.02
211,牢力,2024-06-11,-.74,-.12
211,牢力,2024-06-12,-.78,-.15
211,牢力,2024-06-13,-.77,-.17
211,牢力,2024-06-14,-.52,-.07
211,牢力,2024-06-15,-.34,-.14
211,牢力,2024-06-16,-.35,-.2
211,牢力,2024-06-17,-.36,-.22
211,牢力,2024-06-18,-.44,-.28
211,牢力,2024-06-19,-.56,-.32
211,牢力,2024-06-20,-.59,-.34
211,牢力,2024-06-21,-.62,-.37
211,牢力,2024-06-22,-.6,-.24
211,牢力,2024-06-23,-.54,-.18
211,牢力,2024-06-24,-.58,-.24
211,牢力,2024-06-25,-.7,-.3
211,牢力,2024-06-26,-.83,-.39
211,牢力,2024-06-27,-.86,-.45
211,牢力,2024-06-28,-.93,-.49
211,牢力,2024-06-29,-.68,-.31
211,牢力,2024-06-30,0,.15
211,牢力,2024-07-01,-.07,.06
211,牢力,2024-07-02,.11,.23
211,牢力,2024-07-03,.14,.23
211,牢力,2024-07-04,.14,.22
211,牢力,2024-07-05,.19,.25
211,牢力,2024-07-06,.22,.26
211,牢力,2024-07-07,.24,.28
211,牢力,2024-07-08,.41,.44
211,牢力,2024-07-09,.32,.34
211,牢力,2024-07-10,.28,.29
211,牢力,2024-07-11,.24,.25
211,牢力,2024-07-12,.18,.16
211,牢力,2024-07-13,.14,.12
211,牢力,2024-07-14,.08,.04
211,牢力,2024-07-15,-.03,-.02
211,牢力,2024-07-16,-.05,-.04
211,牢力,2024-07-17,.25,.23
211,牢力,2024-07-18,.55,.51
211,牢力,2024-07-19,.54,.49
211,牢力,2024-07-20,.51,.47
211,牢力,2024-07-21,.53,.49
211,牢力,2024-07-22,.49,.44
211,牢力,2024-07-23,.52,.45
211,牢力,2024-07-24,.47,.41
211,牢力,2024-07-25,.43,.36
211,牢力,2024-07-26,.44,.36
211,牢力,2024-07-27,.36,.27
211,牢力,2024-07-28,.44,.34
211,牢力,2024-07-29,.43,.32
211,牢力,2024-07-30,.44,.31
211,牢力,2024-07-31,.41,.28
211,牢力,2024-08-01,.36,.24
211,牢力,2024-08-02,.31,.18
211,牢力,2024-08-03,.26,.13
211,牢力,2024-08-04,.23,.1
211,牢力,2024-08-05,.16,.12
211,牢力,2024-08-06,.07,.08
211,牢力,2024-08-07,.01,.03
211,牢力,2024-08-08,-.01,0
211,牢力,2024-08-09,-.03,-.03
211,牢力,2024-08-10,-.06,-.06
211,牢力,2024-08-11,-.15,-.08
211,牢力,2024-08-12,-.16,-.11
211,牢力,2024-08-13,-.15,-.14
211,牢力,2024-08-14,-.18,-.18
211,牢力,2024-08-15,-.32,-.31
211,牢力,2024-08-16,-.35,-.33
211,牢力,2024-08-17,-.36,-.35
211,牢力,2024-08-18,-.31,-.33
211,牢力,2024-08-19,-.32,-.44
211,牢力,2024-08-20,-.36,-.49
211,牢力,2024-08-21,-.28,-.43
211,牢力,2024-08-22,-.27,-.43
211,牢力,2024-08-23,-.31,-.47
211,牢力,2024-08-24,-.34,-.51
211,牢力,2024-08-25,-.37,-.56
211,牢力,2024-08-26,-.4,-.58
211,牢力,2024-08-27,-.45,-.62
211,牢力,2024-08-28,-.48,-.65
211,牢力,2024-08-29,-.54,-.71
211,牢力,2024-08-30,-.55,-.72
211,牢力,2024-08-31,-.57,-.75
211,牢力,2024-09-01,-.6,-.77
211,牢力,2024-09-02,-.64,-.8
211,牢力,2024-09-03,-.66,-.84
211,牢力,2024-09-04,-.67,-.86
211,牢力,2024-09-05,-.7,-.89
211,牢力,2024-09-06,-.72,-.91
211,牢力,2024-09-07,-.72,-.92
211,牢力,2024-09-08,-.8,-.93
211,牢力,2024-09-09,-.8,-.93
211,牢力,2024-09-10,-.83,-.96
211,牢力,2024-09-11,-.84,-.97
211,牢力,2024-09-12,-.76,-.91
211,牢力,2024-09-13,-.7,-.86
211,牢力,2024-09-14,-.47,-.65
211,牢力,2024-09-15,-.55,-.66
211,牢力,2024-09-16,-.54,-.65
211,牢力,2024-09-17,-.56,-.68
211,牢力,2024-09-18,-.42,-.56
211,牢力,2024-09-19,-.42,-.59
211,牢力,2024-09-20,-.18,-.39
211,牢力,2024-09-21,0,-.23
211,牢力,2024-09-22,-.05,-.28
211,牢力,2024-09-23,-.08,-.28
211,牢力,2024-09-24,-.08,-.29
211,牢力,2024-09-25,-.05,-.31
211,牢力,2024-09-26,.03,-.29
211,牢力,2024-09-27,.06,-.29
211,牢力,2024-09-28,.07,-.3
211,牢力,2024-09-29,0,-.3
211,牢力,2024-09-30,-.3,-.29
211,牢力,2024-10-01,-.24,-.3
211,牢力,2024-10-02,-.37,-.3
211,牢力,2024-10-03,-.4,-.29
211,牢力,2024-10-04,-.39,-.29
211,牢力,2024-10-05,-.41,-.29
211,牢力,2024-10-06,-.43,-.29
211,牢力,2024-10-07,-.45,-.29
211,牢力,2024-10-08,-.57,-.28
211,牢力,2024-10-09,-.5,-.28
211,牢力,2024-10-10,-.49,-.28
211,牢力,2024-10-11,-.46,-.29
211,牢力,2024-10-12,-.42,-.28
211,牢力,2024-10-13,-.37,-.28
211,牢力,2024-10-14,-.29,-.27
211,牢力,2024-10-15,-.22,-.3
211,牢力,2024-10-16,-.21,-.3
211,牢力,2024-10-17,-.53,-.29
211,牢力,2024-10-18,-.7,-.14
211,牢力,2024-10-19,-.66,-.12
211,牢力,2024-10-20,-.64,-.14
211,牢力,2024-10-21,-.68,-.14
211,牢力,2024-10-22,-.39,.01
211,牢力,2024-10-23,-.39,.02
211,牢力,2024-10-24,-.34,.02
211,牢力,2024-10-25,-.27,.03
211,牢力,2024-10-26,-.33,.04
211,牢力,2024-10-27,-.28,.04
211,牢力,2024-10-28,-.24,.04
211,牢力,2024-10-29,-.21,.05
211,牢力,2024-10-30,-.2,.06
211,牢力,2024-10-31,-.17,.05
211,牢力,2024-11-01,-.13,.06
211,牢力,2024-11-02,-.07,.06
211,牢力,2024-11-03,-.02,.07
211,牢力,2024-11-04,0,.07
211,牢力,2024-11-05,-.04,0
211,牢力,2024-11-06,-.01,-.05
211,牢力,2024-11-07,.04,-.06
211,牢力,2024-11-08,.05,-.07
211,牢力,2024-11-09,.09,-.07
211,牢力,2024-11-10,.13,-.06
211,牢力,2024-11-11,.15,-.12
211,牢力,2024-11-12,.19,-.11
211,牢力,2024-11-13,.23,-.08
211,牢力,2024-11-14,.27,-.07
211,牢力,2024-11-15,.34,-.13
211,牢力,2024-11-16,.37,-.14
211,牢力,2024-11-17,.4,-.14
211,牢力,2024-11-18,.36,-.13
211,牢力,2024-11-19,.41,-.11
211,牢力,2024-11-20,.48,-.11
211,牢力,2024-11-21,.36,-.11
211,牢力,2024-11-22,.36,-.11
211,牢力,2024-11-23,.44,-.11
211,牢力,2024-11-24,.52,-.1
211,牢力,2024-11-25,.87,-.02
211,牢力,2024-11-26,.76,-.04
211,牢力,2024-11-27,.87,-.02
211,牢力,2024-11-28,.92,-.01
211,牢力,2024-11-29,1.01,-.01
211,牢力,2024-11-30,1.13,0
211,牢力,2024-12-01,1.34,0
211,牢力,2024-12-02,1.47,.01
211,牢力,2024-12-03,1.52,.02
211,牢力,2024-12-04,1.56,.02
211,牢力,2024-12-05,1.7,.02
211,牢力,2024-12-06,1.74,.02
211,牢力,2024-12-07,1.76,.03
211,牢力,2024-12-08,1.8,-.02
211,牢力,2024-12-09,1.86,-.02
211,牢力,2024-12-10,2.07,-.01
211,牢力,2024-12-11,2.16,-.01
211,牢力,2024-12-12,2.06,0
211,牢力,2024-12-13,2.12,0
211,牢力,2024-12-14,1.66,0
211,牢力,2024-12-15,1.7,-.04
211,牢力,2024-12-16,1.68,-.04
211,牢力,2024-12-17,1.83,-.04
211,牢力,2024-12-18,1.63,-.02
211,牢力,2024-12-19,1.75,-.01
211,牢力,2024-12-20,1.1,0
211,牢力,2024-12-21,.43,.03
211,牢力,2024-12-22,.44,-.01
211,牢力,2024-12-23,.44,-.04
211,牢力,2024-12-24,.53,-.02
211,牢力,2024-12-25,.55,.01
211,牢力,2024-12-26,.37,.06
211,牢力,2024-12-27,.4,.1
211,牢力,2024-12-28,.41,.11
211,牢力,2024-12-29,.46,.03
211,牢力,2024-12-30,.48,-.25
211,牢力,2024-12-31,.47,-.25
211,牢力,2025-01-01,.48,-.19
211,牢力,2025-01-02,.53,-.31
211,牢力,2025-01-03,.61,-.32
211,牢力,2025-01-04,.63,-.31
211,牢力,2025-01-05,.73,-.32
211,牢力,2025-01-06,.9,-.3
211,牢力,2025-01-07,.87,-.32
211,牢力,2025-01-08,.84,-.44
211,牢力,2025-01-09,.85,-.38
211,牢力,2025-01-10,.89,-.34
211,牢力,2025-01-11,.93,-.31
211,牢力,2025-01-12,1.02,-.25
211,牢力,2025-01-13,1.02,-.2
211,牢力,2025-01-14,1.03,-.13
211,牢力,2025-01-15,1.02,-.06
211,牢力,2025-01-16,1.05,-.04
211,牢力,2025-01-17,1.06,-.34
211,牢力,2025-01-18,.11,-.72
211,牢力,2025-01-19,.06,-.68
211,牢力,2025-01-20,.06,-.67
211,牢力,2025-01-21,.08,-.7
211,牢力,2025-01-22,-1.4,-.65
211,牢力,2025-01-23,-1.61,-.68
211,牢力,2025-01-24,-1.64,-.63
211,牢力,2025-01-25,-1.61,-.53
211,牢力,2025-01-26,-1.59,-.59
211,牢力,2025-01-27,-1.4,-.51
211,牢力,2025-01-28,-1.17,-.45
211,牢力,2025-01-29,-1.13,-.41
211,牢力,2025-01-30,-1.12,-.4
211,牢力,2025-01-31,-1.12,-.36
211,牢力,2025-02-01,-1.11,-.33
211,牢力,2025-02-02,-1.01,-.26
211,牢力,2025-02-03,-.98,-.21
211,牢力,2025-02-04,-1.01,-.18
211,牢力,2025-02-05,-1.01,-.23
211,牢力,2025-02-06,-.95,-.19
211,牢力,2025-02-07,-.91,-.12
211,牢力,2025-02-08,-.81,-.09
211,牢力,2025-02-09,-.74,-.05
211,牢力,2025-02-10,-.73,-.01
211,牢力,2025-02-11,-.7,.01
211,牢力,2025-02-12,-.64,.06
211,牢力,2025-02-13,-.64,.1
211,牢力,2025-02-14,-.65,.14
211,牢力,2025-02-15,-.65,.21
211,牢力,2025-02-16,-.58,.24
211,牢力,2025-02-17,-.57,.27
211,牢力,2025-02-18,-.52,.23
211,牢力,2025-02-19,-.47,.29
211,牢力,2025-02-20,-.42,.36
211,牢力,2025-02-21,-.43,.24
211,牢力,2025-02-22,-.44,.22
211,牢力,2025-02-23,-.43,.3
211,牢力,2025-02-24,-.38,.39
211,牢力,2025-02-25,-.37,.47
211,牢力,2025-02-26,-1.21,.5
211,牢力,2025-02-27,-1.4,.59
211,牢力,2025-02-28,-1.3,.82
211,牢力,2025-03-01,-1.35,.98
211,牢力,2025-03-02,-1.01,1.14
211,牢力,2025-03-03,-.69,1.23
211,牢力,2025-03-04,-.53,1.3
211,牢力,2025-03-05,-.59,1.42
211,牢力,2025-03-06,-.62,1.46
211,牢力,2025-03-07,-.6,1.49
211,牢力,2025-03-08,-.6,1.51
211,牢力,2025-03-09,-.63,1.57
211,牢力,2025-03-10,-.62,1.74
211,牢力,2025-03-11,-.62,1.88
211,牢力,2025-03-12,-.62,1.77
211,牢力,2025-03-13,-.68,1.76
211,牢力,2025-03-14,-.7,1.29
211,牢力,2025-03-15,-.68,1.34
211,牢力,2025-03-16,-.34,1.42
211,牢力,2025-03-17,-.26,1.55
211,牢力,2025-03-18,.03,1.43
211,牢力,2025-03-19,.01,1.48
211,牢力,2025-03-20,-.01,.83
211,牢力,2025-03-21,-.12,.18
211,牢力,2025-03-22,-.12,.19
211,牢力,2025-03-23,-.18,.17
211,牢力,2025-03-24,-.21,.22
211,牢力,2025-03-25,-.27,.21
211,牢力,2025-03-26,-.37,.03
211,牢力,2025-03-27,-.38,.05
211,牢力,2025-03-28,-.15,.16
211,牢力,2025-03-29,-.11,.22
211,牢力,2025-03-30,-.13,.22
211,牢力,2025-03-31,-.18,.19
211,牢力,2025-04-01,-.21,.18
211,牢力,2025-04-02,-.24,.19
211,牢力,2025-04-03,-.31,.2
211,牢力,2025-04-04,-.32,.22
211,牢力,2025-04-05,.13,.56
211,牢力,2025-04-06,-.1,.56
211,牢力,2025-04-07,-.1,.54
211,牢力,2025-04-08,-.1,.51
211,牢力,2025-04-09,-.13,.5
211,牢力,2025-04-10,-.18,.51
211,牢力,2025-04-11,-.22,.53
211,牢力,2025-04-12,-.22,.56
211,牢力,2025-04-13,.14,.75
211,牢力,2025-04-14,.18,.77
211,牢力,2025-04-15,.14,.73
211,牢力,2025-04-16,.12,.72
211,牢力,2025-04-17,.08,.7
211,牢力,2025-04-18,0,0
211,牢力,2025-04-19,.24,.12
211,牢力,2025-04-20,.21,.1
211,牢力,2025-04-21,.17,.08
211,牢力,2025-04-22,.92,-.07
211,牢力,2025-04-23,.85,-.16
211,牢力,2025-04-24,.78,-.18
211,牢力,2025-04-25,.74,-.21
211,牢力,2025-04-26,.66,-.28
211,牢力,2025-04-27,.54,-.29
211,牢力,2025-04-28,.42,-.29
211,牢力,2025-04-29,.34,-.34
211,牢力,2025-04-30,.28,-.36
211,牢力,2025-05-01,.51,-.14
211,牢力,2025-05-02,.47,-.12
211,牢力,2025-05-03,.57,-.03
211,牢力,2025-05-04,.56,-.04
211,牢力,2025-05-05,.52,-.06
211,牢力,2025-05-06,.43,-.08
211,牢力,2025-05-07,.28,-.15
211,牢力,2025-05-22,.35,.1
211,牢力,2025-05-23,.36,.11
211,牢力,2025-05-24,.36,.13
211,牢力,2025-05-25,.32,.09
211,牢力,2025-05-26,.3,-.15
211,牢力,2025-06-03,.04,-.29
211,牢力,2025-06-04,0,-.28
211,牢力,2025-06-05,0,-.3
211,牢力,2025-06-06,-.03,-.33
211,牢力,2025-06-07,-.06,-.35
211,牢力,2025-06-08,-.09,-.38
211,牢力,2025-06-09,-.11,-.4
211,牢力,2025-06-10,-.12,-.42
211,牢力,2025-06-11,-.13,-.41
211,牢力,2025-06-12,-.16,-.44
211,牢力,2025-06-13,-.16,-.45
211,牢力,2025-06-14,-.18,-.46
211,牢力,2025-06-15,-.2,-.46
211,牢力,2025-06-16,.01,-.17
211,牢力,2025-06-17,-.03,-.19
211,牢力,2025-06-18,-.22,-.25
211,牢力,2025-06-19,-.25,-.28
211,牢力,2025-06-20,.07,0
211,牢力,2025-06-21,.05,-.04
211,牢力,2025-06-22,.04,-.06
211,牢力,2025-06-23,0,-.12
211,牢力,2025-06-24,-.05,-.17
211,牢力,2025-06-25,-.06,-.18
211,牢力,2025-06-26,-.13,-.26
211,牢力,2025-06-27,-.19,-.32
211,牢力,2025-06-28,-.28,-.34
211,牢力,2025-06-29,-.34,-.39
211,牢力,2025-06-30,-.42,-.48
211,牢力,2025-07-01,-.47,-.54
211,牢力,2025-07-02,-.54,-.61
211,牢力,2025-07-03,-.56,-.67
211,牢力,2025-07-04,-.57,-.68
211,牢力,2025-07-05,-.74,-.71
211,牢力,2025-07-06,-.76,-.78
211,牢力,2025-07-07,-.77,-.79
211,牢力,2025-07-08,-.85,-.86
211,牢力,2025-07-09,-.93,-.95
211,牢力,2025-07-10,-.98,-1
211,牢力,2025-07-11,-1.01,-1.03
211,牢力,2025-07-12,-1.03,-1.04
211,牢力,2025-07-13,-1.15,-1.08
211,牢力,2025-07-14,-1.14,-1.06
211,牢力,2025-07-15,-1.1,-1.04
211,牢力,2025-07-16,-.92,-.88
211,牢力,2025-07-17,-.6,-.59
211,牢力,2025-07-18,-.55,-.56
211,牢力,2025-07-19,-.55,-.51
211,牢力,2025-07-20,-.28,-.26
211,牢力,2025-07-21,-.33,-.31
211,牢力,2025-07-22,-.6,-.37
211,牢力,2025-07-23,-.65,-.42
211,牢力,2025-07-24,-.69,-.47
211,牢力,2025-07-25,-.78,-.56
211,牢力,2025-07-26,-.83,-.62
211,牢力,2025-07-27,-.84,-.67
211,牢力,2025-07-28,-.86,-.72
211,牢力,2025-07-29,-.88,-.74
211,牢力,2025-07-30,-.88,-.76
211,牢力,2025-07-31,-.92,-.8
211,牢力,2025-08-01,-1.04,-.85
211,牢力,2025-08-02,-1.08,-.9
211,牢力,2025-08-03,-1.16,-.94
211,牢力,2025-08-04,-1.11,-.9
211,牢力,2025-08-05,-1.18,-.96
211,牢力,2025-08-06,-.89,-.73
211,牢力,2025-08-07,-.92,-.78
211,牢力,2025-08-08,-.93,-.81
211,牢力,2025-08-09,-1.03,-.84
211,牢力,2025-08-10,-1.15,-.88
211,牢力,2025-08-11,-1.21,-.9
211,牢力,2025-08-12,-1.2,-.93
211,牢力,2025-08-13,-.94,-.76
211,牢力,2025-08-14,-.68,-.55
211,牢力,2025-08-15,-.74,-.6
211,牢力,2025-08-16,-.8,-.62
211,牢力,2025-08-17,-.81,-.64
211,牢力,2025-08-18,-.81,-.65
211,牢力,2025-08-19,-.81,-.67
211,牢力,2025-08-20,-.85,-.72
211,牢力,2025-08-21,-.82,-.68
211,牢力,2025-08-22,-.84,-.7
211,牢力,2025-08-23,-.88,-.74
211,牢力,2025-08-24,-.92,-.77
211,牢力,2025-08-25,-.92,-.79
211,牢力,2025-08-26,-.81,-.71
211,牢力,2025-08-27,-.86,-.75
211,牢力,2025-08-28,-.9,-.79
211,牢力,2025-08-29,-.97,-.84
211,牢力,2025-08-30,-.94,-.83
211,牢力,2025-08-31,-.94,-.83
211,牢力,2025-09-01,-.77,-.69
211,牢力,2025-09-02,-.81,-.75
211,牢力,2025-09-03,-.85,-.81
211,牢力,2025-09-04,-.65,-.65
211,牢力,2025-09-05,-.68,-.68
211,牢力,2025-09-06,-.65,-.65
211,牢力,2025-09-07,-.62,-.63
211,牢力,2025-09-08,-.61,-.64
211,牢力,2025-09-09,-.61,-.64
211,牢力,2025-09-10,-.64,-.67
211,牢力,2025-09-11,-.65,-.68
211,牢力,2025-09-12,-.64,-.68
211,牢力,2025-09-13,-.34,-.42
211,牢力,2025-09-14,-.36,-.44
211,牢力,2025-09-15,-.36,-.45
211,牢力,2025-09-16,-.46,-.46
211,牢力,2025-09-17,-.1,-.15
211,牢力,2025-09-18,-.1,-.2
211,牢力,2025-09-19,-.06,-.18
211,牢力,2025-09-20,-.02,-.04
211,牢力,2025-09-21,-.03,-.06
211,牢力,2025-09-22,-.03,-.06
211,牢力,2025-09-23,-.01,-.05
211,牢力,2025-09-24,.03,-.03
211,牢力,2025-09-25,.03,-.03
211,牢力,2025-09-26,.07,-.03
211,牢力,2025-09-27,.1,-.03
211,牢力,2025-09-28,.2,.02
211,牢力,2025-09-29,.22,.01
211,牢力,2025-09-30,.27,.01
211,牢力,2025-10-01,.31,.01
211,牢力,2025-10-02,.35,0
211,牢力,2025-10-03,.38,.01
211,牢力,2025-10-04,.41,0
211,牢力,2025-10-05,.44,-.05
211,牢力,2025-10-06,.53,.02
211,牢力,2025-10-07,.57,.05
211,牢力,2025-10-08,.6,.05
211,牢力,2025-10-09,.67,.05
211,牢力,2025-10-10,.8,.14
211,牢力,2025-10-11,.92,.22
211,牢力,2025-10-12,1,.21
211,牢力,2025-10-13,1.1,.26
211,牢力,2025-10-14,1.13,.26
211,牢力,2025-10-15,1.16,.27
211,牢力,2025-10-16,1.11,.28
211,牢力,2025-10-17,.97,.3
211,牢力,2025-10-18,.99,.34
211,牢力,2025-10-19,.95,.31
211,牢力,2025-10-20,.77,.31
211,牢力,2025-10-21,.81,.32
211,牢力,2025-10-22,.86,.19
211,牢力,2025-10-23,.88,.2
211,牢力,2025-10-24,.93,.2
211,牢力,2025-10-25,.96,.21
211,牢力,2025-10-26,.99,.22
211,牢力,2025-10-27,1.02,.22
211,牢力,2025-10-28,1.03,.22
211,牢力,2025-10-29,1.05,.24
211,牢力,2025-10-30,1.05,.24
211,牢力,2025-10-31,1.06,.24
212,全玫,2023-01-01,0,0
212,全玫,2023-01-02,1.57,1.33
212,全玫,2023-01-03,.71,1.38
212,全玫,2023-01-04,-.81,1.35
212,全玫,2023-01-05,-.78,1.34
212,全玫,2023-01-06,-.72,1.36
212,全玫,2023-01-07,-.64,1.39
212,全玫,2023-01-08,-.64,1.4
212,全玫,2023-01-09,-1.01,1.46
212,全玫,2023-01-10,-.94,1.49
212,全玫,2023-01-11,-.92,1.47
212,全玫,2023-01-12,-.95,1.57
212,全玫,2023-01-13,-.05,1.52
212,全玫,2023-01-14,.01,1.54
212,全玫,2023-01-15,.3,1.57
212,全玫,2023-01-16,.32,1.64
212,全玫,2023-01-17,.35,1.67
212,全玫,2023-01-18,.37,1.71
212,全玫,2023-01-19,.39,1.74
212,全玫,2023-01-20,.41,1.74
212,全玫,2023-01-21,.43,1.67
212,全玫,2023-01-22,.47,1.72
212,全玫,2023-01-23,.47,1.68
212,全玫,2023-01-24,.5,1.67
212,全玫,2023-01-25,.53,1.69
212,全玫,2023-01-26,.54,1.71
212,全玫,2023-01-27,.59,1.76
212,全玫,2023-01-28,.68,1.79
212,全玫,2023-01-29,.72,1.81
212,全玫,2023-01-30,.73,1.83
212,全玫,2023-01-31,.76,1.81
212,全玫,2023-02-01,.73,1.82
212,全玫,2023-02-02,.74,1.83
212,全玫,2023-02-03,.74,1.77
212,全玫,2023-02-04,.75,1.8
212,全玫,2023-02-05,.81,1.84
212,全玫,2023-02-06,.87,1.89
212,全玫,2023-02-07,.93,1.94
212,全玫,2023-02-08,1.01,1.79
212,全玫,2023-02-09,1.07,1.36
212,全玫,2023-02-10,1.08,1.21
212,全玫,2023-02-11,1.09,.93
212,全玫,2023-02-12,.61,.95
212,全玫,2023-02-13,.53,.98
212,全玫,2023-02-14,.55,.97
212,全玫,2023-02-15,.4,.94
212,全玫,2023-02-16,.37,.96
212,全玫,2023-02-17,.41,.84
212,全玫,2023-02-18,.42,.86
212,全玫,2023-02-19,.46,.83
212,全玫,2023-02-20,.48,.9
212,全玫,2023-02-21,.47,.95
212,全玫,2023-02-22,.42,.95
212,全玫,2023-02-23,.41,1
212,全玫,2023-02-24,.42,1.08
212,全玫,2023-02-25,.43,1.16
212,全玫,2023-02-26,.44,1.19
212,全玫,2023-02-27,.43,1.29
212,全玫,2023-02-28,.09,1.28
212,全玫,2023-03-01,.03,1.4
212,全玫,2023-03-02,.02,1.52
212,全玫,2023-03-03,0,1.53
212,全玫,2023-03-04,0,1.49
212,全玫,2023-03-05,-.04,.54
212,全玫,2023-03-06,-.06,0
212,全玫,2023-03-07,-.05,.04
212,全玫,2023-03-08,-.05,.05
212,全玫,2023-03-09,-.06,.08
212,全玫,2023-03-10,-.06,.14
212,全玫,2023-03-11,-.08,.24
212,全玫,2023-03-12,.07,.36
212,全玫,2023-03-13,.01,.41
212,全玫,2023-03-14,.01,.46
212,全玫,2023-03-15,-.07,.5
212,全玫,2023-03-16,-.07,.51
212,全玫,2023-03-17,-.09,.58
212,全玫,2023-03-18,-.12,.64
212,全玫,2023-03-19,-.14,.69
212,全玫,2023-03-20,-.18,.79
212,全玫,2023-03-21,-.28,.92
212,全玫,2023-03-22,-.27,.93
212,全玫,2023-03-23,-.3,.93
212,全玫,2023-03-24,-.35,.99
212,全玫,2023-03-25,-.38,.98
212,全玫,2023-03-26,-.45,.98
212,全玫,2023-03-27,-.46,1
212,全玫,2023-03-28,-.46,.97
212,全玫,2023-03-29,-.49,.98
212,全玫,2023-03-30,-.51,1
212,全玫,2023-03-31,-.56,.97
212,全玫,2023-04-01,-.58,.99
212,全玫,2023-04-02,-.61,.92
212,全玫,2023-04-03,-.66,.09
212,全玫,2023-04-04,-.6,-1.08
212,全玫,2023-04-05,.21,-.51
212,全玫,2023-04-06,.17,-.5
212,全玫,2023-04-07,.07,-.52
212,全玫,2023-04-08,.06,-.52
212,全玫,2023-04-09,.03,-.79
212,全玫,2023-04-10,-.02,-.81
212,全玫,2023-04-11,0,-.78
212,全玫,2023-04-12,-.08,-.79
212,全玫,2023-04-13,-.9,-.82
212,全玫,2023-04-14,-1.01,-.84
212,全玫,2023-04-15,-1.33,-.8
212,全玫,2023-04-16,-1.34,-.8
212,全玫,2023-04-17,-1.41,-.84
212,全玫,2023-04-18,-1.44,-.85
212,全玫,2023-04-19,-1.53,-.89
212,全玫,2023-04-20,-1.55,-.91
212,全玫,2023-04-21,-1.61,-.93
212,全玫,2023-04-22,-1.68,-.98
212,全玫,2023-04-23,-1.66,-1.02
212,全玫,2023-04-24,-1.64,-.99
212,全玫,2023-04-25,-1.62,-.94
212,全玫,2023-04-26,-1.75,-1.03
212,全玫,2023-04-27,-1.78,-1.05
212,全玫,2023-04-28,-1.8,-1.02
212,全玫,2023-04-29,-1.48,-.81
212,全玫,2023-04-30,-1.49,-.84
212,全玫,2023-05-01,-1.47,-.82
212,全玫,2023-05-02,-1.46,-.76
212,全玫,2023-05-03,-1.52,-.82
212,全玫,2023-05-04,-1.52,-.83
212,全玫,2023-05-05,-1.02,-.48
212,全玫,2023-05-06,-.06,.29
212,全玫,2023-05-07,-.16,.19
212,全玫,2023-05-08,-.18,.21
212,全玫,2023-05-09,-.22,.2
212,全玫,2023-05-11,-.3,.16
212,全玫,2023-05-12,-.34,-.13
212,全玫,2023-05-13,-.43,-.26
212,全玫,2023-05-14,-.47,-.29
212,全玫,2023-05-15,-.47,-.36
212,全玫,2023-05-16,-.48,-.38
212,全玫,2023-05-17,-.49,-.38
212,全玫,2023-05-18,-.57,-.44
212,全玫,2023-05-19,-.63,-.47
212,全玫,2023-05-20,-.65,-.48
212,全玫,2023-05-21,-.65,-.49
212,全玫,2023-05-22,-.68,-.51
212,全玫,2023-05-23,-.68,-.52
212,全玫,2023-05-24,-.7,-.53
212,全玫,2023-05-25,-.74,-.57
212,全玫,2023-05-26,-.75,-.58
212,全玫,2023-05-27,-.53,-.39
212,全玫,2023-05-28,-.04,-.12
212,全玫,2023-05-29,.03,-.05
212,全玫,2023-05-30,.01,-.05
212,全玫,2023-05-31,0,-.06
212,全玫,2023-06-01,-.01,-.1
212,全玫,2023-06-02,-.04,-.13
212,全玫,2023-06-03,-.03,-.15
212,全玫,2023-06-04,-.02,-.14
212,全玫,2023-06-05,-.03,-.15
212,全玫,2023-06-06,-.05,-.18
212,全玫,2023-06-07,-.08,-.21
212,全玫,2023-06-08,-.09,-.21
212,全玫,2023-06-09,.15,.01
212,全玫,2023-06-10,.16,.03
212,全玫,2023-06-11,.16,.02
212,全玫,2023-06-12,.07,0
212,全玫,2023-06-13,.05,-.02
212,全玫,2023-06-14,.03,-.04
212,全玫,2023-06-15,.01,-.09
212,全玫,2023-06-16,.01,-.1
212,全玫,2023-06-17,-.01,-.13
212,全玫,2023-06-18,-.07,-.19
212,全玫,2023-06-19,-.09,-.22
212,全玫,2023-06-20,-.12,-.25
212,全玫,2023-06-21,.08,-.09
212,全玫,2023-06-22,.15,-.01
212,全玫,2023-06-23,.11,-.06
212,全玫,2023-06-24,.06,-.11
212,全玫,2023-06-25,-.02,-.18
212,全玫,2023-06-26,.23,.05
212,全玫,2023-06-27,.26,.08
212,全玫,2023-06-28,.24,.05
212,全玫,2023-06-29,.52,.32
212,全玫,2023-06-30,.51,.29
212,全玫,2023-07-01,.37,.17
212,全玫,2023-07-02,.29,.09
212,全玫,2023-07-03,.22,.01
212,全玫,2023-07-04,.38,.18
212,全玫,2023-07-05,.29,.28
212,全玫,2023-07-06,.26,.24
212,全玫,2023-07-07,.23,.19
212,全玫,2023-07-08,.19,.15
212,全玫,2023-07-09,.25,.19
212,全玫,2023-07-10,.23,.17
212,全玫,2023-07-11,.6,.53
212,全玫,2023-07-12,.48,.4
212,全玫,2023-07-13,.63,.41
212,全玫,2023-07-14,.76,.53
212,全玫,2023-07-15,.7,.44
212,全玫,2023-07-16,.6,.34
212,全玫,2023-07-17,.58,.33
212,全玫,2023-07-18,.78,.53
212,全玫,2023-07-19,.76,.5
212,全玫,2023-07-20,.74,.47
212,全玫,2023-07-21,.92,.65
212,全玫,2023-07-22,.87,.59
212,全玫,2023-07-23,.87,.58
212,全玫,2023-07-24,.92,.61
212,全玫,2023-07-25,.87,.56
212,全玫,2023-07-26,.94,.61
212,全玫,2023-07-27,.85,.53
212,全玫,2023-07-28,.81,.48
212,全玫,2023-07-29,.75,.45
212,全玫,2023-07-30,.74,.43
212,全玫,2023-07-31,.73,.41
212,全玫,2023-08-01,.69,.38
212,全玫,2023-08-02,.66,.34
212,全玫,2023-08-03,.6,.28
212,全玫,2023-08-04,.57,.24
212,全玫,2023-08-05,.48,.22
212,全玫,2023-08-06,.26,.18
212,全玫,2023-08-07,.23,.13
212,全玫,2023-08-08,.18,.08
212,全玫,2023-08-09,.17,.07
212,全玫,2023-08-10,.37,.25
212,全玫,2023-08-11,.36,.23
212,全玫,2023-08-12,.35,.21
212,全玫,2023-08-13,.35,.18
212,全玫,2023-08-14,.34,.16
212,全玫,2023-08-15,.29,.11
212,全玫,2023-08-16,.28,.09
212,全玫,2023-08-17,.28,.07
212,全玫,2023-08-18,.28,.06
212,全玫,2023-08-19,.26,.03
212,全玫,2023-08-20,.23,0
212,全玫,2023-08-21,.19,-.05
212,全玫,2023-08-22,.19,-.05
212,全玫,2023-08-23,.24,0
212,全玫,2023-08-24,.24,0
212,全玫,2023-08-25,.23,-.03
212,全玫,2023-08-26,.21,-.05
212,全玫,2023-08-27,.11,-.1
212,全玫,2023-08-28,-.04,-.12
212,全玫,2023-08-29,-.01,-.07
212,全玫,2023-08-30,.02,-.04
212,全玫,2023-08-31,-.01,-.07
212,全玫,2023-09-01,-.04,-.11
212,全玫,2023-09-02,-.08,-.16
212,全玫,2023-09-03,-.08,-.16
212,全玫,2023-09-04,-.1,-.17
212,全玫,2023-09-05,-.12,-.19
212,全玫,2023-09-06,-.13,-.2
212,全玫,2023-09-07,-.13,-.22
212,全玫,2023-09-08,-.14,-.22
212,全玫,2023-09-09,-.23,-.23
212,全玫,2023-09-10,-.27,-.26
212,全玫,2023-09-11,-.29,-.28
212,全玫,2023-09-12,-.29,-.31
212,全玫,2023-09-13,-.12,-.16
212,全玫,2023-09-14,-.13,-.17
212,全玫,2023-09-15,-.13,-.18
212,全玫,2023-09-16,-.13,-.18
212,全玫,2023-09-17,-.03,-.09
212,全玫,2023-09-18,-.03,-.1
212,全玫,2023-09-19,-.01,-.09
212,全玫,2023-09-20,.08,-.01
212,全玫,2023-09-21,0,-.03
212,全玫,2023-09-22,-.03,-.03
212,全玫,2023-09-23,-.02,-.03
212,全玫,2023-09-24,-.01,-.04
212,全玫,2023-09-25,.02,-.03
212,全玫,2023-09-26,0,.02
212,全玫,2023-09-27,.01,.06
212,全玫,2023-09-28,.02,.06
212,全玫,2023-09-29,-.12,.05
212,全玫,2023-09-30,-.1,.06
212,全玫,2023-10-01,-.04,.06
212,全玫,2023-10-02,0,.06
212,全玫,2023-10-03,.02,.06
212,全玫,2023-10-04,-.05,.06
212,全玫,2023-10-05,-.11,-.03
212,全玫,2023-10-06,-.1,-.03
212,全玫,2023-10-07,-.08,-.03
212,全玫,2023-10-08,-.05,-.03
212,全玫,2023-10-09,-.08,-.02
212,全玫,2023-10-10,-.08,-.02
212,全玫,2023-10-11,-.38,-.03
212,全玫,2023-10-12,-.32,-.03
212,全玫,2023-10-13,-.46,-.03
212,全玫,2023-10-14,-.6,-.02
212,全玫,2023-10-15,-.58,-.02
212,全玫,2023-10-16,-.49,-.02
212,全玫,2023-10-17,-.48,-.02
212,全玫,2023-10-18,-.77,-.02
212,全玫,2023-10-19,-.7,.01
212,全玫,2023-10-20,-.65,.02
212,全玫,2023-10-21,-.93,.02
212,全玫,2023-10-22,-.87,.02
212,全玫,2023-10-24,-.9,.04
212,全玫,2023-10-25,-.81,.03
212,全玫,2023-10-26,-.8,.11
212,全玫,2023-10-27,-.71,.11
212,全玫,2023-10-28,-.65,.11
212,全玫,2023-10-29,-.61,.07
212,全玫,2023-10-30,-.58,.08
212,全玫,2023-10-31,-.56,.08
212,全玫,2023-11-01,-.52,.08
212,全玫,2023-11-02,-.49,.08
212,全玫,2023-11-03,-.34,.14
212,全玫,2023-11-04,0,0
212,全玫,2023-11-05,-.18,.14
212,全玫,2023-11-06,.05,.12
212,全玫,2023-11-07,.11,.14
212,全玫,2023-11-08,.16,.14
212,全玫,2023-11-09,.17,.14
212,全玫,2023-11-10,-.08,.15
212,全玫,2023-11-11,-.07,.15
212,全玫,2023-11-12,-.03,.16
212,全玫,2023-11-13,0,.19
212,全玫,2023-11-14,.03,.2
212,全玫,2023-11-15,.1,.2
212,全玫,2023-11-16,.15,.22
212,全玫,2023-11-17,.18,.23
212,全玫,2023-11-18,.19,.25
212,全玫,2023-11-19,.23,.25
212,全玫,2023-11-20,.29,.26
212,全玫,2023-11-21,.35,.26
212,全玫,2023-11-22,.36,.26
212,全玫,2023-11-23,.3,.27
212,全玫,2023-11-24,.31,.27
212,全玫,2023-11-25,.35,.28
212,全玫,2023-11-26,.38,.28
212,全玫,2023-11-27,.49,.25
212,全玫,2023-11-28,.54,.14
212,全玫,2023-11-29,.44,.11
212,全玫,2023-11-30,.47,.11
212,全玫,2023-12-01,.58,.13
212,全玫,2023-12-02,.71,.14
212,全玫,2023-12-03,.73,.14
212,全玫,2023-12-04,.76,.14
212,全玫,2023-12-05,.86,.14
212,全玫,2023-12-06,.94,.17
212,全玫,2023-12-07,.98,.18
212,全玫,2023-12-08,1.01,.18
212,全玫,2023-12-09,1.07,.11
212,全玫,2023-12-10,1.21,.11
212,全玫,2023-12-11,1.48,.17
212,全玫,2023-12-12,1.54,.18
212,全玫,2023-12-13,1.25,.19
212,全玫,2023-12-14,1.46,.25
212,全玫,2023-12-15,1.76,.38
212,全玫,2023-12-16,1.67,.39
212,全玫,2023-12-17,1.71,.4
212,全玫,2023-12-18,1.74,.41
212,全玫,2023-12-19,1.88,.43
212,全玫,2023-12-20,1.81,.44
212,全玫,2023-12-21,2.03,.39
212,全玫,2023-12-22,2.03,.36
212,全玫,2023-12-23,2.05,.38
212,全玫,2023-12-24,2.19,.4
212,全玫,2023-12-25,2.12,.44
212,全玫,2023-12-26,1.87,.35
212,全玫,2023-12-27,1.73,.35
212,全玫,2023-12-28,1.72,.35
212,全玫,2023-12-29,1.77,.23
212,全玫,2023-12-30,1.9,.28
212,全玫,2023-12-31,1.95,.29
212,全玫,2024-01-01,1.96,.35
212,全玫,2024-01-02,2,.39
212,全玫,2024-01-03,2.05,.44
212,全玫,2024-01-04,1.98,.35
212,全玫,2024-01-05,2.08,.29
212,全玫,2024-01-06,2.11,.31
212,全玫,2024-01-07,2.08,.33
212,全玫,2024-01-08,2.08,.35
212,全玫,2024-01-09,2.05,.33
212,全玫,2024-01-10,2.06,.35
212,全玫,2024-01-11,2.1,.1
212,全玫,2024-01-12,2.37,.18
212,全玫,2024-01-13,2.38,.05
212,全玫,2024-01-14,2.42,-.05
212,全玫,2024-01-15,2.54,-.02
212,全玫,2024-01-16,2.6,.05
212,全玫,2024-01-17,2.72,.08
212,全玫,2024-01-18,2.68,-.15
212,全玫,2024-01-19,2.59,-.11
212,全玫,2024-01-20,2.6,-.07
212,全玫,2024-01-21,2.57,-.3
212,全玫,2024-01-22,2.66,-.23
212,全玫,2024-01-23,2.72,-.21
212,全玫,2024-01-24,2.77,-.24
212,全玫,2024-01-25,2.76,-.17
212,全玫,2024-01-26,2.46,-.24
212,全玫,2024-01-27,2.56,-.16
212,全玫,2024-01-28,2.65,-.11
212,全玫,2024-01-29,2.64,-.07
212,全玫,2024-01-30,2.65,-.04
212,全玫,2024-01-31,2.68,-.02
212,全玫,2024-02-01,2.62,.01
212,全玫,2024-02-02,2.53,.06
212,全玫,2024-02-03,2.31,.12
212,全玫,2024-02-04,2.34,.16
212,全玫,2024-02-05,2.11,.18
212,全玫,2024-02-06,1.37,.23
212,全玫,2024-02-07,1.46,.3
212,全玫,2024-02-08,1.53,.37
212,全玫,2024-02-09,1.54,.38
212,全玫,2024-02-10,1.54,.15
212,全玫,2024-02-11,1.54,.17
212,全玫,2024-02-12,1.55,.21
212,全玫,2024-02-13,1.6,.24
212,全玫,2024-02-14,1.61,.28
212,全玫,2024-02-15,1.87,.42
212,全玫,2024-02-16,1.67,.44
212,全玫,2024-02-17,1.74,.47
212,全玫,2024-02-18,1.92,.55
212,全玫,2024-02-19,2.32,.71
212,全玫,2024-02-20,2.34,.78
212,全玫,2024-02-21,2.46,.86
212,全玫,2024-02-22,2.4,.88
212,全玫,2024-02-23,2.34,.82
212,全玫,2024-02-24,2.36,.87
212,全玫,2024-02-25,2.37,.94
212,全玫,2024-02-26,2.42,.97
212,全玫,2024-02-27,2.31,1.06
212,全玫,2024-02-28,2.19,1.12
212,全玫,2024-03-02,2.11,1.33
212,全玫,2024-03-03,1.97,1.34
212,全玫,2024-03-04,1.97,1.38
212,全玫,2024-03-05,1.99,1.46
212,全玫,2024-03-06,1.96,1.5
212,全玫,2024-03-07,1.96,1.56
212,全玫,2024-03-08,1.98,1.59
212,全玫,2024-03-09,1.93,1.64
212,全玫,2024-03-10,1.92,1.79
212,全玫,2024-03-11,1.72,1.96
212,全玫,2024-03-12,1.72,2.03
212,全玫,2024-03-13,1.74,1.81
212,全玫,2024-03-14,1.5,1.85
212,全玫,2024-03-15,.84,1.86
212,全玫,2024-03-16,.78,1.77
212,全玫,2024-03-17,.77,1.79
212,全玫,2024-03-18,.78,1.8
212,全玫,2024-03-19,.79,1.9
212,全玫,2024-03-20,.8,1.83
212,全玫,2024-03-21,.8,1.97
212,全玫,2024-03-22,.92,2.06
212,全玫,2024-03-23,.92,2.1
212,全玫,2024-03-24,.88,2.17
212,全玫,2024-03-25,.98,2.17
212,全玫,2024-03-26,1.26,2.14
212,全玫,2024-03-27,1.23,2.03
212,全玫,2024-03-28,1.24,2.02
212,全玫,2024-03-29,1.23,2
212,全玫,2024-03-30,1.02,2.01
212,全玫,2024-03-31,.9,1.98
212,全玫,2024-04-01,.89,1.99
212,全玫,2024-04-02,.89,2.02
212,全玫,2024-04-03,.83,2
212,全玫,2024-04-04,.83,1.95
212,全玫,2024-04-05,.77,2.08
212,全玫,2024-04-06,.69,2.07
212,全玫,2024-04-07,.67,2.05
212,全玫,2024-04-08,.65,2
212,全玫,2024-04-09,.58,1.98
212,全玫,2024-04-10,.53,2
212,全玫,2024-04-11,.51,2.03
212,全玫,2024-04-12,.42,2.08
212,全玫,2024-04-13,.38,2.04
212,全玫,2024-04-14,.29,1.99
212,全玫,2024-04-15,.69,2.18
212,全玫,2024-04-16,.66,2.18
212,全玫,2024-04-17,.55,2.21
212,全玫,2024-04-18,.48,2.2
212,全玫,2024-04-20,.35,2.02
212,全玫,2024-04-21,.42,2.05
212,全玫,2024-04-22,.37,2.06
212,全玫,2024-04-23,.32,2.03
212,全玫,2024-04-24,.45,2.03
212,全玫,2024-04-25,.41,1.98
212,全玫,2024-04-26,.34,1.76
212,全玫,2024-04-27,.31,1.78
212,全玫,2024-04-28,.26,1.74
212,全玫,2024-04-29,.2,1.7
212,全玫,2024-04-30,.15,1.7
212,全玫,2024-05-01,.13,1.67
212,全玫,2024-05-02,.11,1.59
212,全玫,2024-05-03,.06,1.4
212,全玫,2024-05-04,.06,1.41
212,全玫,2024-05-05,.44,1.49
212,全玫,2024-05-06,.44,1
212,全玫,2024-05-07,.34,.91
212,全玫,2024-05-08,.32,.92
212,全玫,2024-05-09,.29,.89
212,全玫,2024-05-10,.27,.88
212,全玫,2024-05-11,.49,1.08
212,全玫,2024-05-12,.44,1.06
212,全玫,2024-05-13,.32,.9
212,全玫,2024-05-14,.27,.86
212,全玫,2024-05-15,.54,1.24
212,全玫,2024-05-16,.52,1.14
212,全玫,2024-05-17,.46,1.05
212,全玫,2024-05-18,.25,1
212,全玫,2024-05-19,-.07,.99
212,全玫,2024-05-20,-.1,.98
212,全玫,2024-05-21,-.21,.97
212,全玫,2024-05-22,-.28,.97
212,全玫,2024-05-23,-.29,.95
212,全玫,2024-05-24,-.33,.92
212,全玫,2024-05-25,-.41,.88
212,全玫,2024-05-26,-.32,.94
212,全玫,2024-05-27,-.33,.9
212,全玫,2024-05-28,-.34,.87
212,全玫,2024-05-29,-.35,.88
212,全玫,2024-05-30,-.36,.86
212,全玫,2024-05-31,-.37,.84
212,全玫,2024-06-01,-.4,.81
212,全玫,2024-06-02,-.42,.75
212,全玫,2024-06-03,-.41,.73
212,全玫,2024-06-04,-.41,.74
212,全玫,2024-06-05,-.43,.73
212,全玫,2024-06-06,-.28,.8
212,全玫,2024-06-07,-.31,.79
212,全玫,2024-06-08,-.35,.75
212,全玫,2024-06-09,-.33,.73
212,全玫,2024-06-10,-.36,.69
212,全玫,2024-06-11,-.36,.51
212,全玫,2024-06-12,-.39,.48
212,全玫,2024-06-13,-.41,.46
212,全玫,2024-06-14,-.21,.43
212,全玫,2024-06-15,-.14,.14
212,全玫,2024-06-16,-.15,.11
212,全玫,2024-06-17,-.17,.09
212,全玫,2024-06-18,-.24,.04
212,全玫,2024-06-19,-.29,0
212,全玫,2024-06-20,-.32,-.03
212,全玫,2024-06-21,-.37,-.08
212,全玫,2024-06-22,-.26,.06
212,全玫,2024-06-23,-.15,.14
212,全玫,2024-06-24,-.18,.09
212,全玫,2024-06-25,-.33,.01
212,全玫,2024-06-26,-.55,-.06
212,全玫,2024-06-27,-.58,-.11
212,全玫,2024-06-28,-.63,-.13
212,全玫,2024-06-29,-.41,.01
212,全玫,2024-06-30,-.18,.08
212,全玫,2024-07-01,-.27,-.01
212,全玫,2024-07-02,.12,.32
212,全玫,2024-07-03,.11,.29
212,全玫,2024-07-04,.09,.27
212,全玫,2024-07-05,.12,.27
212,全玫,2024-07-06,.15,.27
212,全玫,2024-07-07,.19,.3
212,全玫,2024-07-08,.28,.38
212,全玫,2024-07-09,.17,.26
212,全玫,2024-07-10,.2,.27
212,全玫,2024-07-11,.14,.21
212,全玫,2024-07-12,.05,.1
212,全玫,2024-07-13,0,.04
212,全玫,2024-07-14,-.05,-.03
212,全玫,2024-07-15,-.25,-.11
212,全玫,2024-07-16,-.24,-.12
212,全玫,2024-07-17,.01,.08
212,全玫,2024-07-18,.36,.39
212,全玫,2024-07-19,.33,.36
212,全玫,2024-07-20,.35,.39
212,全玫,2024-07-21,.33,.35
212,全玫,2024-07-22,.32,.33
212,全玫,2024-07-23,.45,.46
212,全玫,2024-07-24,.45,.49
212,全玫,2024-07-25,.42,.45
212,全玫,2024-07-26,.48,.49
212,全玫,2024-07-27,.41,.42
212,全玫,2024-07-28,.42,.41
212,全玫,2024-07-29,.4,.38
212,全玫,2024-07-30,.39,.36
212,全玫,2024-07-31,.37,.34
212,全玫,2024-08-01,.33,.3
212,全玫,2024-08-02,.29,.26
212,全玫,2024-08-03,.24,.2
212,全玫,2024-08-04,.21,.17
212,全玫,2024-08-05,.2,.25
212,全玫,2024-08-06,.16,.22
212,全玫,2024-08-07,.12,.16
212,全玫,2024-08-08,.07,.11
212,全玫,2024-08-09,.04,.07
212,全玫,2024-08-10,.01,.04
212,全玫,2024-08-11,-.09,0
212,全玫,2024-08-12,-.1,-.01
212,全玫,2024-08-13,0,.03
212,全玫,2024-08-14,-.02,0
212,全玫,2024-08-15,-.23,-.1
212,全玫,2024-08-16,-.24,-.11
212,全玫,2024-08-17,-.24,-.14
212,全玫,2024-08-18,-.24,-.21
212,全玫,2024-08-19,-.25,-.33
212,全玫,2024-08-20,-.28,-.38
212,全玫,2024-08-21,-.15,-.29
212,全玫,2024-08-22,-.11,-.26
212,全玫,2024-08-23,-.14,-.29
212,全玫,2024-08-24,-.17,-.33
212,全玫,2024-08-25,-.19,-.38
212,全玫,2024-08-26,-.23,-.4
212,全玫,2024-08-27,-.29,-.45
212,全玫,2024-08-28,-.31,-.49
212,全玫,2024-08-29,-.34,-.52
212,全玫,2024-08-30,-.35,-.54
212,全玫,2024-08-31,-.39,-.57
212,全玫,2024-09-01,-.41,-.59
212,全玫,2024-09-02,-.46,-.64
212,全玫,2024-09-03,-.47,-.67
212,全玫,2024-09-04,-.49,-.68
212,全玫,2024-09-05,-.51,-.7
212,全玫,2024-09-06,-.58,-.71
212,全玫,2024-09-07,-.54,-.68
212,全玫,2024-09-08,-.61,-.68
212,全玫,2024-09-09,-.61,-.69
212,全玫,2024-09-10,-.63,-.71
212,全玫,2024-09-11,-.58,-.66
212,全玫,2024-09-12,-.46,-.55
212,全玫,2024-09-13,-.45,-.55
212,全玫,2024-09-14,-.46,-.57
212,全玫,2024-09-15,-.51,-.58
212,全玫,2024-09-16,-.51,-.59
212,全玫,2024-09-17,-.51,-.6
212,全玫,2024-09-18,-.46,-.56
212,全玫,2024-09-19,-.47,-.58
212,全玫,2024-09-20,-.3,-.44
212,全玫,2024-09-21,-.11,-.27
212,全玫,2024-09-22,-.17,-.3
212,全玫,2024-09-23,-.2,-.29
212,全玫,2024-09-24,-.2,-.3
212,全玫,2024-09-25,-.18,-.32
212,全玫,2024-09-26,-.13,-.37
212,全玫,2024-09-27,-.12,-.37
212,全玫,2024-09-28,-.1,-.38
212,全玫,2024-09-29,-.19,-.39
212,全玫,2024-09-30,-.29,-.38
212,全玫,2024-10-01,-.22,-.38
212,全玫,2024-10-02,-.44,-.38
212,全玫,2024-10-03,-.45,-.38
212,全玫,2024-10-04,-.43,-.39
212,全玫,2024-10-05,-.43,-.38
212,全玫,2024-10-06,-.44,-.38
212,全玫,2024-10-07,-.47,-.37
212,全玫,2024-10-08,-.52,-.37
212,全玫,2024-10-09,-.46,-.37
212,全玫,2024-10-10,-.5,-.38
212,全玫,2024-10-11,-.47,-.38
212,全玫,2024-10-12,-.41,-.38
212,全玫,2024-10-13,-.35,-.38
212,全玫,2024-10-14,-.29,-.37
212,全玫,2024-10-15,-.2,-.42
212,全玫,2024-10-16,-.18,-.42
212,全玫,2024-10-17,-.4,-.42
212,全玫,2024-10-18,-.53,-.23
212,全玫,2024-10-19,-.48,-.21
212,全玫,2024-10-20,-.52,-.22
212,全玫,2024-10-21,-.49,-.22
212,全玫,2024-10-22,-.28,-.08
212,全玫,2024-10-23,-.42,-.06
212,全玫,2024-10-24,-.46,-.09
212,全玫,2024-10-25,-.41,-.08
212,全玫,2024-10-26,-.51,-.07
212,全玫,2024-10-27,-.44,-.07
212,全玫,2024-10-28,-.39,-.07
212,全玫,2024-10-29,-.35,-.06
212,全玫,2024-10-30,-.33,-.05
212,全玫,2024-10-31,-.3,-.05
212,全玫,2024-11-01,-.26,-.05
212,全玫,2024-11-02,-.22,-.05
212,全玫,2024-11-03,-.16,-.04
212,全玫,2024-11-04,-.12,-.04
212,全玫,2024-11-05,-.26,-.13
212,全玫,2024-11-06,-.23,-.14
212,全玫,2024-11-07,-.16,-.13
212,全玫,2024-11-08,-.13,-.14
212,全玫,2024-11-09,-.1,-.14
212,全玫,2024-11-10,-.06,-.13
212,全玫,2024-11-11,-.02,-.19
212,全玫,2024-11-12,.02,-.18
212,全玫,2024-11-13,-.06,-.15
212,全玫,2024-11-14,-.02,-.14
212,全玫,2024-11-15,.03,-.26
212,全玫,2024-11-16,.06,-.25
212,全玫,2024-11-17,.1,-.24
212,全玫,2024-11-18,.12,-.23
212,全玫,2024-11-19,.16,-.22
212,全玫,2024-11-20,.22,-.22
212,全玫,2024-11-21,.03,-.21
212,全玫,2024-11-22,-.02,-.21
212,全玫,2024-11-23,.03,-.21
212,全玫,2024-11-24,.08,-.21
212,全玫,2024-11-25,.51,-.07
212,全玫,2024-11-26,.34,-.12
212,全玫,2024-11-27,.51,-.07
212,全玫,2024-11-28,.57,-.06
212,全玫,2024-11-29,.61,-.06
212,全玫,2024-11-30,.75,-.06
212,全玫,2024-12-01,.87,-.04
212,全玫,2024-12-02,.99,-.03
212,全玫,2024-12-03,1.03,-.03
212,全玫,2024-12-04,1.06,-.03
212,全玫,2024-12-05,1.16,-.02
212,全玫,2024-12-06,1.12,-.07
212,全玫,2024-12-07,1.16,-.06
212,全玫,2024-12-08,1.2,-.11
212,全玫,2024-12-09,1.25,-.11
212,全玫,2024-12-10,1.4,-.1
212,全玫,2024-12-11,1.38,-.1
212,全玫,2024-12-12,1.17,-.09
212,全玫,2024-12-13,1.26,-.08
212,全玫,2024-12-14,1.31,-.08
212,全玫,2024-12-15,1.35,-.1
212,全玫,2024-12-16,1.36,-.1
212,全玫,2024-12-17,1.46,-.09
212,全玫,2024-12-18,1.45,-.08
212,全玫,2024-12-19,1.57,-.06
212,全玫,2024-12-20,1.26,-.05
212,全玫,2024-12-21,.64,-.02
212,全玫,2024-12-22,.64,-.08
212,全玫,2024-12-23,.65,-.11
212,全玫,2024-12-24,.75,-.1
212,全玫,2024-12-25,.76,-.06
212,全玫,2024-12-26,.76,-.02
212,全玫,2024-12-27,.79,0
212,全玫,2024-12-28,.79,.01
212,全玫,2024-12-29,.84,-.06
212,全玫,2024-12-30,.88,-.15
212,全玫,2024-12-31,.87,-.15
212,全玫,2025-01-01,.89,-.09
212,全玫,2025-01-02,.93,-.29
212,全玫,2025-01-03,.98,-.28
212,全玫,2025-01-04,1.01,-.26
212,全玫,2025-01-05,1.11,-.24
212,全玫,2025-01-06,1.19,-.23
212,全玫,2025-01-07,1.16,-.26
212,全玫,2025-01-08,1.17,-.31
212,全玫,2025-01-09,1.16,-.24
212,全玫,2025-01-10,1.19,-.26
212,全玫,2025-01-11,1.22,-.23
212,全玫,2025-01-12,1.39,-.15
212,全玫,2025-01-13,1.39,-.09
212,全玫,2025-01-14,1.42,-.03
212,全玫,2025-01-15,1.43,.03
212,全玫,2025-01-16,1.47,.05
212,全玫,2025-01-17,1.5,-.13
212,全玫,2025-01-18,.41,-.5
212,全玫,2025-01-19,.3,-.47
212,全玫,2025-01-20,.3,-.5
212,全玫,2025-01-21,.32,-.47
212,全玫,2025-01-22,-.87,-.46
212,全玫,2025-01-23,-.99,-.61
212,全玫,2025-01-24,-.98,-.65
212,全玫,2025-01-25,-.94,-.59
212,全玫,2025-01-26,-.9,-.69
212,全玫,2025-01-27,-.85,-.61
212,全玫,2025-01-28,-.73,-.55
212,全玫,2025-01-29,-.71,-.51
212,全玫,2025-01-30,-.7,-.47
212,全玫,2025-01-31,-.68,-.44
212,全玫,2025-02-01,-.67,-.41
212,全玫,2025-02-02,-.63,-.37
212,全玫,2025-02-03,-.63,-.31
212,全玫,2025-02-04,-.63,-.27
212,全玫,2025-02-05,-.63,-.4
212,全玫,2025-02-06,-.53,-.35
212,全玫,2025-02-07,-.48,-.27
212,全玫,2025-02-08,-.39,-.22
212,全玫,2025-02-09,-.34,-.19
212,全玫,2025-02-10,-.33,-.16
212,全玫,2025-02-11,-.29,-.11
212,全玫,2025-02-12,-.21,-.05
212,全玫,2025-02-13,-.22,-.14
212,全玫,2025-02-14,-.2,-.1
212,全玫,2025-02-15,-.21,-.04
212,全玫,2025-02-16,-.22,-.02
212,全玫,2025-02-17,-.21,.02
212,全玫,2025-02-18,-.18,.04
212,全玫,2025-02-19,-.14,.08
212,全玫,2025-02-20,-.12,.14
212,全玫,2025-02-21,-.13,-.04
212,全玫,2025-02-22,-.15,-.1
212,全玫,2025-02-23,-.15,-.04
212,全玫,2025-02-24,-.13,0
212,全玫,2025-02-25,-.1,.04
212,全玫,2025-02-26,-1.1,.08
212,全玫,2025-02-27,-1.76,.16
212,全玫,2025-02-28,-1.62,.36
212,全玫,2025-03-01,-1.7,.44
212,全玫,2025-03-02,-1.14,.62
212,全玫,2025-03-03,-.71,.7
212,全玫,2025-03-04,-.54,.76
212,全玫,2025-03-05,-.6,.83
212,全玫,2025-03-06,-.64,.79
212,全玫,2025-03-07,-.62,.83
212,全玫,2025-03-08,-.63,.85
212,全玫,2025-03-09,-.66,.89
212,全玫,2025-03-10,-.65,.99
212,全玫,2025-03-11,-.7,1
212,全玫,2025-03-12,-.7,.77
212,全玫,2025-03-13,-.76,.82
212,全玫,2025-03-14,-.78,.87
212,全玫,2025-03-15,-.81,.92
212,全玫,2025-03-16,-.59,.99
212,全玫,2025-03-17,-.61,1.07
212,全玫,2025-03-18,-.58,1.04
212,全玫,2025-03-19,-.6,1.1
212,全玫,2025-03-20,-.66,.72
212,全玫,2025-03-21,-.71,.07
212,全玫,2025-03-22,-.71,.07
212,全玫,2025-03-23,-.8,.05
212,全玫,2025-03-24,-.85,.1
212,全玫,2025-03-25,-.89,.09
212,全玫,2025-03-26,-.98,.08
212,全玫,2025-03-27,-.98,.09
212,全玫,2025-03-28,-.91,.11
212,全玫,2025-03-29,-.87,.17
212,全玫,2025-03-30,-.89,.18
212,全玫,2025-03-31,-.95,.16
212,全玫,2025-04-01,-.98,.16
212,全玫,2025-04-02,-.98,.19
212,全玫,2025-04-03,-1.03,.2
212,全玫,2025-04-04,-1.03,.22
212,全玫,2025-04-05,-.57,.53
212,全玫,2025-04-06,-.71,.54
212,全玫,2025-04-07,-.71,.52
212,全玫,2025-04-08,-.71,.5
212,全玫,2025-04-09,-.74,.5
212,全玫,2025-04-10,-.79,.5
212,全玫,2025-04-11,-.82,.52
212,全玫,2025-04-12,-.65,.66
212,全玫,2025-04-13,-.44,.73
212,全玫,2025-04-14,-.39,.76
212,全玫,2025-04-15,-.42,.68
212,全玫,2025-04-16,-.45,.67
212,全玫,2025-04-17,-.5,.67
212,全玫,2025-04-18,-.57,-.22
212,全玫,2025-04-19,-.49,-.24
212,全玫,2025-04-20,-.51,-.27
212,全玫,2025-04-21,-.56,-.29
212,全玫,2025-04-22,-.03,-.62
212,全玫,2025-04-23,-.07,-.71
212,全玫,2025-04-24,-.1,-.69
212,全玫,2025-04-25,-.14,-.69
212,全玫,2025-04-26,-.22,-.77
212,全玫,2025-04-27,-.28,-.79
212,全玫,2025-04-28,-.35,-.77
212,全玫,2025-04-29,-.42,-.82
212,全玫,2025-04-30,-.46,-.87
212,全玫,2025-05-01,-.14,-.56
212,全玫,2025-05-02,-.15,-.52
212,全玫,2025-05-03,-.08,-.45
212,全玫,2025-05-04,-.08,-.46
212,全玫,2025-05-05,-.12,-.48
212,全玫,2025-05-06,-.22,-.54
212,全玫,2025-05-07,-.34,-.61
212,全玫,2025-05-22,.18,.02
212,全玫,2025-05-23,.22,.05
212,全玫,2025-05-24,.29,.13
212,全玫,2025-05-25,.24,.09
212,全玫,2025-05-26,.22,-.23
212,全玫,2025-06-03,.1,-.29
212,全玫,2025-06-04,.06,-.28
212,全玫,2025-06-05,.05,-.29
212,全玫,2025-06-06,.03,-.33
212,全玫,2025-06-07,0,-.36
212,全玫,2025-06-08,-.03,-.38
212,全玫,2025-06-09,-.02,-.39
212,全玫,2025-06-10,-.06,-.43
212,全玫,2025-06-11,-.06,-.43
212,全玫,2025-06-12,-.09,-.45
212,全玫,2025-06-13,-.1,-.46
212,全玫,2025-06-14,-.11,-.47
212,全玫,2025-06-15,-.11,-.45
212,全玫,2025-06-16,-.02,-.32
212,全玫,2025-06-17,-.04,-.35
212,全玫,2025-06-18,-.13,-.41
212,全玫,2025-06-19,-.16,-.43
212,全玫,2025-06-20,.13,-.16
212,全玫,2025-06-21,.08,-.21
212,全玫,2025-06-22,.07,-.22
212,全玫,2025-06-23,.04,-.26
212,全玫,2025-06-24,0,-.3
212,全玫,2025-06-25,-.02,-.32
212,全玫,2025-06-26,-.1,-.39
212,全玫,2025-06-27,-.15,-.43
212,全玫,2025-06-28,.02,-.25
212,全玫,2025-06-29,-.08,-.34
212,全玫,2025-06-30,-.15,-.43
212,全玫,2025-07-01,-.24,-.51
212,全玫,2025-07-02,-.36,-.61
212,全玫,2025-07-03,-.4,-.69
212,全玫,2025-07-04,-.45,-.73
212,全玫,2025-07-05,-.63,-.77
212,全玫,2025-07-06,-.65,-.83
212,全玫,2025-07-07,-.68,-.84
212,全玫,2025-07-08,-.7,-.86
212,全玫,2025-07-09,-.77,-.93
212,全玫,2025-07-10,-.85,-1.02
212,全玫,2025-07-11,-.91,-1.08
212,全玫,2025-07-12,-.97,-1.1
212,全玫,2025-07-13,-1.06,-1.14
212,全玫,2025-07-14,-1.11,-1.18
212,全玫,2025-07-15,-1.16,-1.24
212,全玫,2025-07-16,-.79,-.9
212,全玫,2025-07-17,-.46,-.59
212,全玫,2025-07-18,-.43,-.56
212,全玫,2025-07-19,-.14,-.27
212,全玫,2025-07-20,-.12,-.25
212,全玫,2025-07-21,-.15,-.3
212,全玫,2025-07-22,-.33,-.36
212,全玫,2025-07-23,-.39,-.43
212,全玫,2025-07-24,-.44,-.49
212,全玫,2025-07-25,-.51,-.55
212,全玫,2025-07-26,-.54,-.6
212,全玫,2025-07-27,-.57,-.64
212,全玫,2025-07-28,-.6,-.68
212,全玫,2025-07-29,-.63,-.71
212,全玫,2025-07-30,-.66,-.75
212,全玫,2025-07-31,-.69,-.78
212,全玫,2025-08-01,-.84,-.86
212,全玫,2025-08-02,-.88,-.9
212,全玫,2025-08-03,-.96,-.95
212,全玫,2025-08-04,-.99,-.98
212,全玫,2025-08-05,-1.02,-1.02
212,全玫,2025-08-06,-.8,-.83
212,全玫,2025-08-07,-.84,-.9
212,全玫,2025-08-08,-.88,-.95
212,全玫,2025-08-09,-1.02,-.98
212,全玫,2025-08-10,-1.1,-1.02
212,全玫,2025-08-11,-1.1,-1.04
212,全玫,2025-08-12,-1.09,-1.06
212,全玫,2025-08-13,-.88,-.92
212,全玫,2025-08-14,-.78,-.85
212,全玫,2025-08-15,-.84,-.91
212,全玫,2025-08-16,-1.04,-.93
212,全玫,2025-08-17,-1.04,-.95
212,全玫,2025-08-18,-1.03,-.97
212,全玫,2025-08-19,-1.03,-.99
212,全玫,2025-08-20,-1.08,-1.03
212,全玫,2025-08-21,-1.14,-1.1
212,全玫,2025-08-22,-1.16,-1.11
212,全玫,2025-08-23,-1.2,-1.14
212,全玫,2025-08-24,-1.27,-1.17
212,全玫,2025-08-25,-1.28,-1.2
212,全玫,2025-08-26,-1.13,-1.07
212,全玫,2025-08-27,-1.2,-1.12
212,全玫,2025-08-28,-1.24,-1.17
212,全玫,2025-08-29,-1.36,-1.2
212,全玫,2025-08-30,-1.21,-1.07
212,全玫,2025-08-31,-1.24,-1.1
212,全玫,2025-09-01,-1.23,-1.09
212,全玫,2025-09-02,-1.27,-1.17
212,全玫,2025-09-03,-1.29,-1.24
212,全玫,2025-09-04,-1.07,-1.06
212,全玫,2025-09-05,-1.09,-1.08
212,全玫,2025-09-06,-1,-1
212,全玫,2025-09-07,-.97,-.98
212,全玫,2025-09-08,-.96,-.98
212,全玫,2025-09-09,-.97,-.98
212,全玫,2025-09-10,-.99,-1
212,全玫,2025-09-11,-.99,-1.01
212,全玫,2025-09-12,-.95,-.98
212,全玫,2025-09-13,-.65,-.71
212,全玫,2025-09-14,-.66,-.73
212,全玫,2025-09-15,-.69,-.74
212,全玫,2025-09-16,-.72,-.74
212,全玫,2025-09-17,-.47,-.51
212,全玫,2025-09-18,-.46,-.53
212,全玫,2025-09-19,-.44,-.51
212,全玫,2025-09-20,-.27,-.27
212,全玫,2025-09-21,-.29,-.29
212,全玫,2025-09-22,-.29,-.29
212,全玫,2025-09-23,-.27,-.29
212,全玫,2025-09-24,-.23,-.26
212,全玫,2025-09-25,-.22,-.26
212,全玫,2025-09-26,-.19,-.26
212,全玫,2025-09-27,-.17,-.26
212,全玫,2025-09-28,-.13,-.16
212,全玫,2025-09-29,-.09,-.17
212,全玫,2025-09-30,-.06,-.17
212,全玫,2025-10-01,0,-.17
212,全玫,2025-10-02,.03,-.18
212,全玫,2025-10-03,.06,-.17
212,全玫,2025-10-04,.09,-.17
212,全玫,2025-10-05,.17,-.19
212,全玫,2025-10-06,.29,-.08
212,全玫,2025-10-07,.37,-.02
212,全玫,2025-10-08,.39,-.02
212,全玫,2025-10-09,.45,-.02
212,全玫,2025-10-10,.57,.03
212,全玫,2025-10-11,.63,.05
212,全玫,2025-10-12,.7,.03
212,全玫,2025-10-13,.84,.1
212,全玫,2025-10-14,.88,.1
212,全玫,2025-10-15,.94,.11
212,全玫,2025-10-16,.83,.14
212,全玫,2025-10-17,.69,.16
212,全玫,2025-10-18,.74,.21
212,全玫,2025-10-19,.52,.19
212,全玫,2025-10-20,.5,.2
212,全玫,2025-10-21,.54,.2
212,全玫,2025-10-22,.59,.13
212,全玫,2025-10-23,.64,.13
212,全玫,2025-10-24,.68,.14
212,全玫,2025-10-25,.72,.14
212,全玫,2025-10-26,.75,.15
212,全玫,2025-10-27,.8,.15
212,全玫,2025-10-28,.83,.15
212,全玫,2025-10-29,.85,.16
212,全玫,2025-10-30,.88,.17
212,全玫,2025-10-31,.89,.17
